product_name,image_address,product_category,product_price,product_quantity
Aashirvaad Whole Wheat Atta , https://m.media-amazon.com/images/I/91REmKyE84L._SL1500_.jpg , Groceries , 250 , 5000g
Daawat Basmati Rice , https://www.daawat.com/cbss-html/img/sajakaar_biryani.png , Groceries , 180 , 1000g
Tata Salt , https://m.media-amazon.com/images/I/614mm2hYHyL._AC_UF10001000_QL80_.jpg , Groceries , 20 , 1000g
Fortune Sunflower Oil , https://m.media-amazon.com/images/I/71AgCOCoKYL.jpg , Groceries , 120 , 1000ml
MDH Chana Masala , https://m.media-amazon.com/images/I/71I8gjgxL8L.jpg , Groceries , 55 , 100g
Patanjali Honey , https://akmedicalhall.com/wp-content/uploads/2023/06/Patanjali-Honey-1623930300-10014750-1.jpg , Groceries , 70 , 250g
Kissan Mixed Fruit Jam , https://assets.unileversolutions.com/v1/85811802.png , Groceries , 150 , 500g
Maggi 2-Minute Noodles , https://m.media-amazon.com/images/I/71T0QfFl+3L._AC_UF10001000_QL80_.jpg , Groceries , 12 , 70g
Kellogg's Corn Flakes , https://m.media-amazon.com/images/I/81SJpjHr-TL.jpg , Groceries , 150 , 475g
Saffola Masala Oats , https://m.media-amazon.com/images/I/7188-BLPvgL.jpg , Groceries , 15 , 39g
Tata Tea Premium , https://m.media-amazon.com/images/I/51QF8woKr5S._AC_UF8941000_QL80_.jpg , Groceries , 270 , 1000g
Bru Instant Coffee , https://m.media-amazon.com/images/I/61Jp1Huid5L._AC_UF10001000_QL80_.jpg , Groceries , 150 , 100g
Bournvita Health Drink , https://m.media-amazon.com/images/I/61oRJDWrXRL.jpg , Groceries , 480 , 750g
Haldiram's Moong Dal , https://m.media-amazon.com/images/I/713LiwcYtxL.jpg , Groceries , 90 , 200g
Britannia Marie Gold Biscuits , https://m.media-amazon.com/images/I/71lW1X33nCL.jpg , Groceries , 30 , 250g
Parle-G Biscuits , https://m.media-amazon.com/images/I/71bufOt9zAL._AC_UF10001000_QL80_.jpg , Groceries , 25 , 200g
Amul Butter , https://m.media-amazon.com/images/S/aplus-media/sota/95d868ed-6acd-4efc , Groceries , 45 , 100g
Mother Dairy Toned Milk , https://m.media-amazon.com/images/I/61HE-sygCHL.jpg , Groceries , 50 , 1000ml
Nestle Everyday Dairy Whitener , https://m.media-amazon.com/images/I/71x9onReBAL.jpg , Groceries , 200 , 400g
Aashirvaad Salt , https://m.media-amazon.com/images/I/81Jv9RTTQUL.jpg , Groceries , 22 , 1000g
Everest Garam Masala , https://m.media-amazon.com/images/I/717Oqd6-FGL._AC_UF10001000_QL80_.jpg , Groceries , 60 , 100g
Fortune Mustard Oil , https://m.media-amazon.com/images/I/71wVU7pgwAL.jpg , Groceries , 130 , 1000ml
Tata Sampann Toor Dal , https://www.tatanutrikorner.com/cdn/shop/files/Tata-Sampann-T , Groceries , 120 , 1000g
MTR Ready-to-Eat Paneer Tikka Masala , https://shop.mtrfoods.com/cdn/shop/products , Groceries , 150 , 300g
Haldiram's Aloo Bhujia , https://www.shutterstock.com/image-photo/guwahati-assam-india-september- , Groceries , 50 , 200g
Lizol Disinfectant Floor Cleaner , https://m.media-amazon.com/images/I/41VPo084XAL._SX300_SY300_QL70_F , Household Essentials , 150 , 1000ml
Harpic Power Plus Toilet Cleaner , https://m.media-amazon.com/images/I/61fQA+kazoL.jpg , Household Essentials , 85 , 500ml
Colin Glass Cleaner Spray , https://www.jiomart.com/images/product/original/491418196/colin-glass , Household Essentials , 30 , 3pcs
Scotch-Brite Scrub Pad , https://encrypted-tbn0.gstatic.com/images?q=tbn:ANd9GcTKkmGP , Household Essentials , 100 , 750ml
Vim Dishwash Liquid Gel , https://encrypted-tbn1.gstatic.com/shopping?q=tbn:ANd , Household Essentials , 99 , 750ml
Dettol Liquid Handwash Refill , https://m.media-amazon.com/images/I/51tYPygTuTL._AC_UF10001000_QL80_.jpg , Household Essentials , 500 , 2000g
Surf Excel Matic Front Load Detergent Powder , https://www.hul.co.in/content-images/92ui5egz/production/a9c8addbe96a6205bdb572a942bf68d6 , Household Essentials , 210 , 2L
Comfort Fabric Conditioner , https://www.shutterstock.com/image-photo/maharashtra-pune-18-august-2024-600nw-2504504997.jpg , Household Essentials , 55 , 10g
Godrej Aer Pocket Bathroom Fragrance , https://i0.wp.com/wisycart.com/wp-content/uploads/2023/05/Rose-Blossom-jpg.webp , Household Essentials , 90 , 50g
Odonil Room Freshening Gel , https://aapkabazar.co/_next/image?url=https%3A%2F%2Fimage.aapkabazar.co%2Fproduct%2F3161 , Household Essentials , 72 , 45ml
All Out Ultra Mosquito Repellent Refill , https://www.allout.in/_/media/raid/products/All%20Out%20Ultra%20Power%20Plus%20Slider30ba.png?la , Household Essentials , 77 , 45ml
Good Knight Gold Flash Refill , https://m.media-amazon.com/images/I/61khbUrrDyL.jpg , Household Essentials , 150 , 20g
Hit Anti-Roach Gel , https://gcplgoodknightstg.blob.core.windows.net/godrejhit/products/28967910bb66114227c2181.png , Household Essentials , 50 , 2pcs
Mortein Rat Kill Cake , https://m.media-amazon.com/images/I/61MQRUqdsKL.jpg , Household Essentials , 60 , 100g
Patanjali Agarbatti , https://www.patanjaliayurved.net/assets/product_images/400x500/1688624420AgarbattiMogra150g1.png , Household Essentials , 150 , 1pc
Gala No Dust Broom , https://encrypted-tbn0.gstatic.com/images?q=tbn:ANd9GcTaxxlw0uf3xD3imwVHJXYEPUH7Oq39wZPOTg&s , Household Essentials , 120 , 1pc
Scotch-Brite Floor Wiper , https://m.media-amazon.com/images/I/51HsBCtnWNL._AC_UF10001000_QL80_.jpg , Household Essentials , 200 , 20L
Milton Plastic Bucket , https://assets.myntassets.com/w_412q_60dpr_2fl_progressive/assets/images/25832368/2023/11/10/f6b034bc-cef8-41e9-8c1b-79 , Household Essentials , 450 , 1pc
Cello Supreme Mop , https://m.media-amazon.com/images/I/610Pyq1vMML._AC_UF8941000_QL80_.jpg , Household Essentials , 150 , 1pc
Prestige Kitchen Tongs , https://encrypted-tbn0.gstatic.com/images?q=tbn:ANd9GcSr86OaH7YQ7BZQkZkmOY_QQJFmi8Xb_rt6Ew&s , Household Essentials , 1200 , 5L
Pigeon Pressure Cooker , https://m.media-amazon.com/images/I/514M+UZ5bhL.jpg , Household Essentials , 800 , 1pc
Hawkins Non-Stick Tawa , https://encrypted-tbn0.gstatic.com/images?q=tbn:ANd9GcTJgH9vJneKRHUQHd2anl8uzuxT23nikKVr8Q&s , Household Essentials , 600 , 3pcs
Borosil Glass Mixing Bowl Set , https://homedecorlo.com/cdn/shop/products/41fnTR1JvKL_530x@2x.jpg?v=1624679678 , Household Essentials , 900 , 1000ml
Milton Thermosteel Flask , https://m.media-amazon.com/images/I/81p-bO+f1nL.jpg , Household Essentials , 3500 , 2-burner
Prestige Gas Stove , https://shop.bajajelectricals.com/cdn/shop/files/iX22BURNER.jpg?v=1726742529 , Personal Care & Hygiene , 199 , 200ml
Nivea Men Body Lotion , https://m.media-amazon.com/images/I/51eGAdW-XKL.jpg , Personal Care & Hygiene , 250 , 250ml
Dove Men+Care Body Wash , https://encrypted-tbn0.gstatic.com/images?q=tbn:ANd9GcTw5rJnE-fK-UM3Uf5eF807lwWCo8mC7GiS-A&s , Personal Care & Hygiene , 150 , 250ml
Listerine Mouthwash , https://m.media-amazon.com/images/I/51tWWUWL+aL._SL1000_.jpg , Personal Care & Hygiene , 99 , 100g
Colgate Total Toothpaste , https://m.media-amazon.com/images/I/61f+32QXZML.jpg , Personal Care & Hygiene , 50 , 100g
Set Wet Hair Gel , https://m.media-amazon.com/images/I/51H3WlgYvEL.jpg , Personal Care & Hygiene , 150 , 100g
Himalaya Men Face Wash , https://rukminim2.flixcart.com/image/850/1000/kp5sya80/face-wash/h/b/x/pimple-clear-neem-himalaya-men-original-i , Personal Care & Hygiene , 99 , 100g
Gillette Shaving Cream , https://encrypted-tbn1.gstatic.com/shopping?q=tbn:ANd9GcQHak6XX82TUZTrSP_9r4IzbSvSEWdUM9efLGN21cKlXs4P , Personal Care & Hygiene , 190 , 100g
Nivea Men Face Wash , https://assets.ajio.com/medias/sys_master/root/20240123/4ug4/65afa9748cdf1e0df5c6574f/-473Wx593H-4903968570-multi-MODEL.jpg , Personal Care & Hygiene , 120 , 100g
Palmolive Shaving Foam , https://m.media-amazon.com/images/I/41qSv82bQHL.jpg , Personal Care & Hygiene , 250 , 100ml
Old Spice After Shave , https://m.media-amazon.com/images/I/61rghSdLdAL._AC_UF10001000_QL80_.jpg , Personal Care & Hygiene , 180 , 200ml
Head & Shoulders Shampoo , https://images.ctfassets.net/j6utfne5ne6b/1qgk3CXCrydwajZCd2BUmH/47213ed3742de8f0a0484f43cba4f809/homepage-dt-img-02.jpeg , Personal Care & Hygiene , 350 , 50ml
Beardo Beard Oil , htps://thumbs.dreamstime.com/b/portrait-smiling-adult-baker-long-beard-white-uniform-standing-his-wor , Personal Care & Hygiene , 110 , 200ml
Bajaj Almond Drops Hair Oil , https://m.media-amazon.com/images/I/51fCjdafCHL.jpg , Personal Care & Hygiene , 299 , 100ml
Axe Signature Body Perfume , https://www.wildstone.in/cdn/shop/products/SD-A4.jpg?v=1707731598 , Personal Care & Hygiene , 45 , 125g
Pears Soap , https://m.media-amazon.com/images/I/613wl9rnjoL._AC_UF10001000_QL80_.jpg , Personal Care & Hygiene , 220 , 200ml
Vaseline Men Body Lotion , https://assets.unileversolutions.com/v1/129936622.jpg , Personal Care & Hygiene , 140 , 100g
Park Avenue Shaving Cream , https://m.media-amazon.com/images/I/51-RnniTs2L.jpg , Personal Care & Hygiene , 180 , 150ml
Wild Stone Deo , https://www.wildstone.in/cdn/shop/files/UltralegendRed.jpg?v=1688561764 , Personal Care & Hygiene , 25 , 20g
Mouth Freshener - Pan Parag , https://c8.alamy.com/comp/D1EAA0/sonf-mouth-freshener-in-aluminium-pots-some-coated-in-silver-in-sonf-D1EAA0.jpg , Personal Care & Hygiene , 50 , 100ml
Dettol Antiseptic Liquid , https://www.dettol.co.in/static/b0a370a8a5cc24d907ed1b8bd118ca2f/630fb/dal-125ml.png , Personal Care & Hygiene , 45 , 125g
Santoor Soap , https://images.apollo247.in/pub/media/catalog/product/S/A/SAN0013_1-AUG23_1.jpg , Personal Care & Hygiene , 299 , 100g
Beardo Face Wash , https://m.media-amazon.com/images/I/61s8tWvP+fL.jpg , Personal Care & Hygiene , 35 , 125g
Lifebuoy Soap , https://m.media-amazon.com/images/I/61TzCC94qhL._AC_UF10001000_QL80_.jpg , Baby & Kids , 499 , 56 pcs
Pampers Diapers , ttps://www.shutterstock.com/shutterstock/photos/2304240463/display_1500/stock-photo-pampers-diapers-for- , Baby & Kids , 479 , 48 pcs
Huggies Diapers , https://m.media-amazon.com/images/I/611htrK57eL.jpg , Baby & Kids , 150 , 200g
Johnson's Baby Powder , https://m.media-amazon.com/images/I/61utw6EQBLL._AC_UF8941000_QL80_.jpg , Baby & Kids , 199 , 200ml
Mamaearth Baby Shampoo , https://images.mamaearth.in/catalog/product/s/h/shampo_props_ky0ozlvydza60eyc.jpg?fo , Baby & Kids , 85 , 75g
Dove Baby Soap , https://m.media-amazon.com/images/I/31aF5AVvFkL.jpg , Baby & Kids , 125 , 72 wipes
Pigeon Baby Wipes , https://m.media-amazon.com/images/I/61BBxDAMDAS.jpg , Baby & Kids , 220 , 100ml
Chicco Baby Lotion , https://www.chicco.in/dw/image/v2/BGMM_PRD/on/demandware.static/-/Sites-chicco-master , Baby & Kids , 150 , 100g
Mee Mee Baby Cream , https://www.menmoms.in/cdn/shop/files/MM-1250-200ml-8.jpg?v=1725109369&width=720 , Baby & Kids , 299 , 125ml
Burt's Bees Baby Oil , https://m.media-amazon.com/images/I/81RW4pJ9GtS._AC_UF10001000_QL80_.jpg , Baby & Kids , 450 , 260ml
Philips Avent Bottle , https://m.media-amazon.com/images/I/61aNpROslHL.jpg , Baby & Kids , 200 , 240ml
LuvLap Baby Feeding Bottle , https://www.luvlap.com/cdn/shop/files/18911.jpg?v=1704815330 , Baby & Kids , 1500 , 1 pcs
Babyhug Bath Tub , https://encrypted-tbn0.gstatic.com/images?q=tbn:ANd9GcSMRFEmMZ42Z4_b7iagw7hZLaxudsL6kSDMIA&s , Baby & Kids , 3500 , 1 pcs
LuvLap High Chair , https://m.media-amazon.com/images/I/51kJZGKj3rL._AC_UF10001000_QL80_.jpg , Baby & Kids , 599 , 44 pcs
Merries Diapers , https://m.media-amazon.com/images/I/81bLfpQ+A4L.jpg , Baby & Kids , 110 , 80 wipes
Little’s Baby Wet Wipes , https://rukminim2.flixcart.com/image/850/1000/xif0q/wipe/x/r/h/-original-imagheybu2kjrczu.jpeg?q=90&crop=false , Baby & Kids , 350 , 160ml
MAM Baby Bottle , https://cdn.vectorstock.com/i/500p/96/62/cartoon-baby-bottle-isolated-vector-31809662.jpg , Baby & Kids , 99 , 1 pcs
Pigeon Baby Toothbrush , https://5.imimg.com/data5/SELLER/Default/2024/6/427295627/ML/LT/OE/57501301/baby-brush-pigeon.jpg , Baby & Kids , 450 , 400g
Similac Baby Milk Powder , https://media.istockphoto.com/id/1403248652/photo/feeding-bottle-with-infant-formula-and-powder-on-violet-backgroun , Baby & Kids , 499 , 56 pcs
Sofy Baby Diapers , https://encrypted-tbn0.gstatic.com/images?q=tbn:ANd9GcREzAaQwDcCNDyltfCXyZudjsm_TYuWkVfyrg&s , Baby & Kids , 120 , 3 pcs
Tommee Tippee Baby Spoons , https://encrypted-tbn0.gstatic.com/images?q=tbn:ANd9GcREzAaQwDcCNDyltfCXyZudjsm_TYuWkVfyrg&s , Baby & Kids , 180 , 100g
Himalaya Baby Powder , https://ik.imagekit.io/wlfr/wellness/images/products/245223-1.jpg/tr:w-3840c-at_maxcm-pad_resizear- , Baby & Kids , 130 , 72 wipes
Chicco Baby Wet Wipes , https://www.chicco.in/dw/image/v2/BGMM_PRD/on/demandware.static/-/ , Baby & Kids , 120 , 100g
Babyhug Anti-Rash Cream , https://m.media-amazon.com/images/I/716zu9ZoeoL._AC_UF8941000_QL80_.jpg , Health & Wellness , 299 , 500g
Dabur Chyawanprash , https://m.media-amazon.com/images/I/81M+KM9inQL.jpg , Health & Wellness , 180 , 1L
Himalaya Wellness Aloe Vera Juice , https://m.media-amazon.com/images/I/81eNot7RdvL._AC_UF10001000_QL80_.jpg , Health & Wellness , 220 , 1L
Baidyanath Amla Juice , https://m.media-amazon.com/images/I/71Dtf-ydPYL.jpg , Health & Wellness , 160 , 500g
Dabur Honey , https://m.media-amazon.com/images/I/71O4OnjaHVL._AC_UF8941000_QL80_.jpg , Health & Wellness , 99 , 150g
Patanjali Aloe Vera Gel , https://m.media-amazon.com/images/I/6173zQlOpEL._AC_UF350350_QL80_.jpg , Health & Wellness , 2200 , 1kg
MuscleBlaze Whey Protein , https://img5.hkrtcdn.com/27451/prd_2745004-MuscleBlaze-100-Whey-Protein-Supplement-Powder-with-Digestive-Enzyme , Health & Wellness , 120 , 60 capsules
Patanjali Ashwagandha , https://www.patanjaliayurved.net/assets/product_images/400x500/1738931602AshvagandhaCapsule1.webp , Health & Wellness , 180 , 100ml
HerbtoniQ Immunity Booster , https://m.media-amazon.com/images/I/71xqjztVfLL.jpg , Health & Wellness , 350 , 250g
Saffola FITTIFY Superfood , https://encrypted-tbn0.gstatic.com/images?q=tbn:ANd9GcTheAeVoXHzoEfxkCpcWGfeTZoCbvSF7WaXA&s , Health & Wellness , 240 , 500g
Bournvita , https://cdn.prod.website-files.com/65682576f8b0bb6aed34b43e/65682576f8b0bb6aed34bd67_Hero%20Image.webp , Health & Wellness , 250 , 10 pcs
Ritebite Protein Bar , https://m.media-amazon.com/images/I/610cfknEDSL._AC_UF10001000_QL80_.jpg , Health & Wellness , 499 , 200g
Moringa Powder , https://media.istockphoto.com/id/1336503084/photo/nutritional-supplement-moringa-powder-on-rustic-table.j , Health & Wellness , 250 , 1L
Kapiva Triphala Juice , https://m.media-amazon.com/images/I/61htUf0t8sL._AC_UF10001000_QL80_.jpg , Health & Wellness , 175 , 200ml
Zandu Pancharishta , https://zanducare.com/cdn/shop/files/Pancharishta_650ml_30f985e2-58e0-428c-a3b3-a9d862bfc1 , Health & Wellness , 250 , 60 capsules
Zingavita Vitamin C , https://m.media-amazon.com/images/I/71WGnMyDEsL.jpg , Health & Wellness , 599 , 90 tablets
Sundown Naturals Vitamin D3 , https://cloudinary.images-iherb.com/image/upload/f_autoq_auto:eco/images/sdn/sdn19995/l/49.jpg , Health & Wellness , 45 , 125g
Bajaj Sandalwood Soap , https://rukminim2.flixcart.com/image/850/1000/xif0q/soap/x/m/o/-original-imagp9wn3 , Health & Wellness , 100 , 100g
Basil Seeds , https://media.istockphoto.com/id/1012526490/photo/lemon-basil-seeds-in-wooden-spoon-and-soak-in-water.jpg? , Health & Wellness , 150 , 25 bags
Organic India Tulsi Tea , https://encrypted-tbn0.gstatic.com/images?q=tbn:ANd9GcQAUKhEecqpggaYUDCDH_qCPM , Health & Wellness , 1500 , 500g
Amway Nutrilite Protein Powder , https://media.amway.in/sys-master/images/hf9/h76/9159500202014/cq5dam.web.1280.1280.png , Health & Wellness , 260 , 30 capsules
Revital H , https://m.media-amazon.com/images/I/71u+XYPBL3S.jpg , Health & Wellness , 80 , 500ml
Patanjali Divya Amla Juice , https://encrypted-tbn0.gstatic.com/images?q=tbn:ANd9GcTnnTwAjldCMEVvptIsYaa3vtifcS87HtZPGA&s , Health & Wellness , 350 , 250ml
Dabur Olive Oil , https://m.media-amazon.com/images/I/818KV5sMpgL.jpg , Stationery & Books , 100 , 12 pcs
Camlin Colored Pencils , https://www.kokuyocamlin.com/camel/camel-access/image/catalog/worksh , Stationery & Books , 40 , 200 pages
Classmate Notebook , https://m.media-amazon.com/images/I/812WZ5i9QLL.jpg , Stationery & Books , 350 , 1 pcs
Parker Pen , https://5.imimg.com/data5/SELLER/Default/2022/6/BV/FN/DT/152199839/parker-beta-f , Stationery & Books , 20 , 1 pcs
Reynolds Pen , ttps://rukminim2.flixcart.com/image/850/1000/kjhgzgw0-0/sketch-pen/f , Stationery & Books , 120 , 12 pcs
Faber-Castell Sketch Pens , ttps://rukminim2.flixcart.com/image/850/1000/kjhgzgw0-0/sketch-pen/f , Stationery & Books , 15 , 10 pcs
Natraj Pencils , https://encrypted-tbn0.gstatic.com/images?q=tbn:ANd9GcQ42krGZSOaDnV9QybeEJd8JLNWVnJr5QpG-g&s , Stationery & Books , 45 , 1 pcs
Pilot Gel Pen , https://m.media-amazon.com/images/I/810D4nBOFRL.jpg , Stationery & Books , 200 , 500 sheets
Staples A4 Paper , https://m.media-amazon.com/images/I/61WYKnCOWcL.jpg , Stationery & Books , 75 , 1 pack
Post-it Notes , https://media.istockphoto.com/id/664975134/photo/sticky-note-post-it-board-office.jpg?s=612x612&w=0&k=20&c=jovP61sbit5hNkMVumu3g6ErvEKDxfIAEJPlU_aiuoQ= , Stationery & Books , 100 , 1 pcs
Sharpie Permanent Marker , https://m.media-amazon.com/images/I/61wGvySluvL.jpg , Stationery & Books , 1200 , 1 pcs
Oxford English Dictionary , https://m.media-amazon.com/images/I/71MVDFlMdUL._AC_UF10001000_QL80_.jpg , Stationery & Books , 250 , 1 pcs
Chetan Bhagat - One Indian Girl , https://encrypted-tbn0.gstatic.com/images?q=tbn:ANd9GcRWDGuZW6mT_9UiMCqYNWM0VR9hoVGUiHZu2g&s , Stationery & Books , 799 , 1 pcs
Harry Potter and the Sorcerer's Stone , https://upload.wikimedia.org/wikipedia/en/7/7a/Harry_Potter_and_the_Philosopher%27s_Stone_banner.jpg , Stationery & Books , 499 , 1 set
Pictionary Game , https://www.wikihow.com/images/thumb/0/03/Play-Pictionary-Step-18.jpg/v4-460px-Play-Pictionary-Step-18.jpg , Stationery & Books , 350 , 1 pcs
The Alchemist by Paulo Coelho , https://images-na.ssl-images-amazon.com/images/S/compressed.photo.goodreads.com/books/1654371463i/18144590.jpg , Stationery & Books , 299 , 1 pcs
Wings of Fire by A.P.J Abdul Kalam , https://encrypted-tbn0.gstatic.com/images?q=tbn:ANd9GcRSdY9-UMlVTfY8DnWU13fFVltlIalWcAo1Wg&s , Stationery & Books , 300 , 1 pcs
Diary of a Wimpy Kid , https://encrypted-tbn0.gstatic.com/images?q=tbn:ANd9GcRSdY9-UMlVTfY8DnWU13fFVltlIalWcAo1Wg&s , Stationery & Books , 250 , 1 pcs
National Geographic Kids , https://streamline.imgix.net/faf11052-ce53-4319-add4-826bf3c4a346/0a575d17-768a-48a6-9ba6-a7bccaf76aae/NG-K , Stationery & Books , 150 , 100 pages
Samsung Notebook , https://images.jdmagicbox.com/quickquotes/images_main/samsung-laptops-18-05-2022-006-271515077-wj68a0kz.png , Stationery & Books , 40 , 1 box
Tata Tea - Reading Habit , https://encrypted-tbn0.gstatic.com/images?q=tbn:ANd9GcTVaXwl4DTCplWeqOK1b9gLs1PIx5c3qviWkQ&s , Stationery & Books , 75 , 1 pcs
Maped Scissors , https://m.media-amazon.com/images/I/61KluxvswyL.jpg , Stationery & Books , 250 , 12 colors
Acrylic Paint Set , https://m.media-amazon.com/images/I/71YdkoMzEkL._AC_UF10001000_QL80_.jpg , Stationery & Books , 399 , 1 pcs
Oxford Grammar Book , https://m.media-amazon.com/images/I/61Ffj+e8gIL._AC_UF10001000_QL80_.jpg , Stationery & Books , 1200 , 1 pcs
Moleskine Notebook , https://encrypted-tbn0.gstatic.com/images?q=tbn:ANd9GcRDVBqHHgwge21TlGRYzt11bbv3rBlrLlpd3g&s , Electronics & Accessories , 24999 , 1 pcs
Samsung LED TV , https://m.media-amazon.com/images/I/71JQ3kUrR9L.jpg , Electronics & Accessories , 4999 , 1 pcs
Sony Bluetooth Headphones , https://cdn.bajajelectronics.com/product/BEProduction-19197.png , Electronics & Accessories , 1299 , 1 pcs
BoAt Bluetooth Earphones , https://rukminim2.flixcart.com/image/850/1000/xif0q/headphone/1/8/l/-original-imagqhswqg , Electronics & Accessories , 34999 , 1 pcs
HP Laptop , https://5.imimg.com/data5/SELLER/Default/2021/4/TQ/OL/RI/125962096/hp-laptop.jpg , Electronics & Accessories , 799 , 1 pcs
Dell Wireless Mouse , https://encrypted-tbn0.gstatic.com/images?q=tbn:ANd9GcSAqFW2nHKdFrId66LDUGH5a6AQvU9ZpSqSIQ&s , Electronics & Accessories , 1500 , 1 pcs
Logitech Keyboard , https://rukminim2.flixcart.com/image/850/1000/xif0q/keyboard/o/o/k/-original-imah2hcguzr5sxe , Electronics & Accessories , 799 , 10000mAh
Mi Power Bank , https://i01.appmifile.com/webfile/globalimg/en/2014m/goods/powerbank/b_large.jpg?thumb=1&w=1007&h=777&width=10 , Electronics & Accessories , 15999 , 1 pcs
Samsung Galaxy Smartphone , https://m.media-amazon.com/images/I/81vxWpPpgNL._AC_UF10001000_QL80_.jpg , Electronics & Accessories , 79999 , 1 pcs
Apple iPhone 13 , https://images.indianexpress.com/2021/09/Apple-iPhone-13-Pro-Max1.jpg , Electronics & Accessories , 25999 , 1 pcs
Lenovo Desktop , https://m.media-amazon.com/images/I/41N0rOkZbVL.jpg , Electronics & Accessories , 3500 , 1 pcs
JBL Bluetooth Speaker , https://avstore.in/cdn/shop/files/2.AVStore-JBL-PartyBox-110-160W-Portable-Wireless-Speaker-Front-Left-An , Electronics & Accessories , 2499 , 1 pcs
Xiaomi Smartwatch , https://m.media-amazon.com/images/I/61mdalteT4L._AC_UF10001000_QL80_.jpg , Electronics & Accessories , 3499 , 1 pcs
OnePlus Wireless Earbuds , https://5.imimg.com/data5/SELLER/Default/2023/10/355516150/LI/RI/TV/25006117/oneplus-nord-buds-ce-truly-wireless-bluetooth-in-ear-earbuds.jpeg , Electronics & Accessories , 1499 , 1 pcs
Mi Smart Band , https://i01.appmifile.com/webfile/globalimg/products/m/mi-smart-band-6/section08.png , Electronics & Accessories , 199 , 1 pcs
Philips LED Bulb , https://m.media-amazon.com/images/I/61Q+8aMhPIL.jpg , Electronics & Accessories , 17999 , 1 pcs
Mi LED TV , https://encrypted-tbn0.gstatic.com/images?q=tbn:ANd9GcT2EQHexpCjUQbq7-FMVvpkkSJxWFi37F1eAw&s , Electronics & Accessories , 7999 , 1 pcs
Sennheiser Headphones , https://5.imimg.com/data5/SELLER/Default/2021/7/IH/ZN/UU/36732760/hd-206-2-1000x-500x500.jpg , Electronics & Accessories , 21999 , 1 pcs
Wacom Tablet , https://india-iws.in/cdn/shop/products/Wacom-Cintiq-22-Creative-Pen-Graphic-Tablet-1_2048x.jpg?v=1725094 , Electronics & Accessories , 1799 , 1 pcs
Targus Laptop Bag , https://encrypted-tbn0.gstatic.com/images?q=tbn:ANd9GcQ4UEm9qE2tZr1q_2RE6UMJ4JcDCvy7TOukSg&s , Electronics & Accessories , 3999 , 1 TB
Seagate External Hard Drive , https://www.seagate.com/content/dam/seagate/migrated-assets/www-content/products/external-hard-drives/basic-external-hard-dr , Electronics & Accessories , 1699 , 1 pcs
Panasonic Hair Dryer , https://www.ubuy.co.in/productimg/?image=aHR0cHM6Ly9pbWFnZXMtY2RuLnVidXkuY28uaW4vNjM0ZDE2NDQyOTZkNWIxZmQyNmI2ODI3LXByZW1pdW0tcHJvZmVzc2lvbmFsLWR5c29uLXN1cGVyc29uaWMuanBn.jpg , Electronics & Accessories , 15999 , 1 pcs
Vivo Smartphone , https://www.khoslaonline.com/wp-content/uploads/2024/01/VIVO-MOBILE-V29-RED-8GB128GB-1.png , Electronics & Accessories , 2999 , 1 pcs
Corsair Gaming Mouse , https://www.google.com/url?sa=i&url=https%3A%2F%2Fwww.amazon.in%2FCorsair-NIGHTSABRE-Wireless-Gaming-Mouse%2Fdp%2FB0CHN1DKLV&psig=AOvVaw2U8Duii_vzvMOnxa2WP917&ust=1740720602207000&source=images&cd=vfe&opi=89978449&ved=0CBcQjhxqFwoTCNiN3cfHwosDFQAAAAAdAAAAABAE , Electronics & Accessories , 3499 , 1 pcs
Xiaomi Mi Box , https://www.google.com/url?sa=i&url=https%3A%2F%2Fwww.indiamart.com%2Fproddetail%2Foriginal-xiaomi-mi-android-tv-box-quad-core-19416471991.html&psig=AOvVaw2nY0YBAemfOzrVsxNwkSH1&ust=1740720655547000&source=images&cd=vfe&opi=89978449&ved=0CBcQjhxqFwoTCNjjnOHHwosDFQAAAAAdAAAAABAE , Electronics & Accessories , 3499 , 1 pcs
Men's Cotton T-Shirt , https://m.media-amazon.com/images/I/71Ew9-LSkXL.jpg , Clothing & Footwear , 799 , 1 pcs
Women’s Casual Dress , https://m.media-amazon.com/images/I/71Ew9-LSkXL.jpg , Clothing & Footwear , 1299 , 1 pcs
Men's Jeans , https://m.media-amazon.com/images/I/71Ew9-LSkXL.jpg , Clothing & Footwear , 499 , 1 pcs
Women's Leggings , https://m.media-amazon.com/images/I/71Ew9-LSkXL.jpg , Clothing & Footwear , 899 , 1 pcs
Men's Formal Shirt , https://m.media-amazon.com/images/I/71Ew9-LSkXL.jpg , Clothing & Footwear , 799 , 1 pcs
Ladies Cotton Kurti , https://m.media-amazon.com/images/I/71Ew9-LSkXL.jpg , Clothing & Footwear , 1599 , 1 pair
Men's Sports Shoes , https://m.media-amazon.com/images/I/71Ew9-LSkXL.jpg , Clothing & Footwear , 799 , 1 pair
Women's Sandals , https://m.media-amazon.com/images/I/71Ew9-LSkXL.jpg , Clothing & Footwear , 1799 , 1 pair
Men's Sneakers , https://m.media-amazon.com/images/I/71Ew9-LSkXL.jpg , Clothing & Footwear , 299 , 1 pair
Flip Flops , https://m.media-amazon.com/images/I/71Ew9-LSkXL.jpg , Clothing & Footwear , 899 , 1 pcs
Leather Wallet , https://rukminim2.flixcart.com/image/850/1000/moisturizer-cream/h/r/9/nivea-200-whitening-cell-repair-uv-protect-cream-origi , Clothing & Footwear , 599 , 1 pcs
Men's Shorts , https://www.garnierusa.com/-/media/project/loreal/brand-sites/garnier/usa/us/brands/skin_care/micellar-cleansing-water/2025/garnier-micellar-salicylic-acid-newherobanner-11 , Clothing & Footwear , 699 , 1 pcs
Women’s Blouse , https://www.lakmeindia.com/cdn/shop/files/24451_S2-8901030742436_1000x.jpg?v=1712053119 , Clothing & Footwear , 1599 , 1 pcs
Denim Jacket , https://himalayawellness.in/cdn/shop/products/PDP-BANNERS-05.jpg?v=1631183301 , Clothing & Footwear , 999 , 1 pcs
Men's Hoodie , https://images-static.nykaa.com/media/catalog/product/b/5/b5eeffc8901030769443-new1_8.jpg?tr=w-500 , Clothing & Footwear , 1299 , 1 pcs
Women’s Woolen Sweater , https://cdn.azure.revlon.com/-/media/project/revlon-inc/revlon/revloncom/revlon-colorstay-suede-ink-lipstick-lineup.ashx?h=900&iar=0&w=900 , Clothing & Footwear , 1999 , 1 pair
Men's Formal Shoes , https://m.media-amazon.com/images/I/71Ew9-LSkXL.jpg , Clothing & Footwear , 2499 , 1 pair
Women’s Boots , https://t3.ftcdn.net/jpg/01/74/68/30/360_F_174683074_rIDOCWXh7Q0JDxBuHR2ehAXOGC25KLR2.jpg , Clothing & Footwear , 799 , 1 set
Cotton Pajama Set , https://encrypted-tbn0.gstatic.com/shopping?q=tbn:ANd9GcTzxzjcvJZB4AzPPy8Z_5rQ2JOpKK_yIaRe4XJcdYcSFbzb9QZC2vSf8aLMbMqUf6Y7gGEmOxj1lFGbPxY77o3gNYoffmhV , Clothing & Footwear , 1299 , 1 pcs
Women's Party Dress , https://encrypted-tbn0.gstatic.com/shopping?q=tbn:ANd9GcTELh09NioAgPgJ-UAw3TFX2FKDKUBKYiX1es4e-11KudParxkreoMcqA8ThRIoqgOUh8k_v93Ku_-yifdDREmFzzyKfvfalTQpGE4SYXK1U-p4LUjiSJ-P , Clothing & Footwear , 899 , 1 pcs
Men's Sweatpants , https://media.istockphoto.com/id/1406303920/photo/womens-sweatpants-sport.jpg?s=612x612&w=0&k=20&c=TxvH1nr7-w_ZtF8hymcDlR_iykcHJtn-enqUx1Kv9a8= , Clothing & Footwear , 1199 , 1 pcs
Women’s Jumpsuit , https://images.meesho.com/images/products/256725728/uh14i_1200.jpg , Clothing & Footwear , 399 , 1 pair
Men's Flip Flops , https://encrypted-tbn0.gstatic.com/shopping?q=tbn:ANd9GcQ7OZwzuDyomzaHBTn415CiLFgXk51PQi4niIM5KHypgGfo0y-q7ptPvPi1yLyzdrn5inSoaLB5vCOF4GuTA-Ww2E_p1TSV8KNE9flYbjw , Clothing & Footwear , 499 , 1 pcs
Children's T-shirt , https://media.istockphoto.com/id/1140674531/vector/vector-set-of-cartoon-different-t-shirts.jpg?s=612x612&w=0&k=20&c=vN6Zwu2pYNXmSYvBg4zgTC2F44lX3JBeljSWoNqMJ78= , Beauty & Cosmetics , 299 , 200ml
L'Oreal Paris Shampoo , https://assets.myntassets.com/h_1440q_100w_1080/v1/assets/images/14408614/2023/6/2/9f9faf0a-3a00-4952-9784-484acafc871d1685694686464-LOreal-Paris-Total-Repair-5-Shampoo-650-ml-Conditioner-180-m-1.jpg , Beauty & Cosmetics , 49 , 100g
Dove Soap , https://images.unsplash.com/photo-1558616180-d76238959a2e?fm=jpg&q=60&w=3000&ixlib=rb-4.0.3&ixid=M3wxMjA3fDB8MHxzZWFyY2h8Mnx8ZG92ZSUyMHNvYXB8ZW58MHx8MHx8fDA%3D , Beauty & Cosmetics , 499 , 9.5ml
Maybelline Mascara , https://ssbimages.ssbeauty.in/pub/media/catalog/product/images/A23MNY395853893/A23MNY395853893_A23MNY395853893_5.jpg , Beauty & Cosmetics , 199 , 50ml
Nivea Face Cream , https://img.nivea.com/-/media/miscellaneous/media-center-items/1/6/9/d2195895ea7840caab65447bde8ea146-screen.jpg , Beauty & Cosmetics , 249 , 400ml
Garnier Micellar Water , https://m.media-amazon.com/images/I/610UV5K56YL.jpg , Beauty & Cosmetics , 499 , 30ml
Lakme Foundation , https://m.media-amazon.com/images/I/51H205CTW1L.jpg , Beauty & Cosmetics , 149 , 150g
Himalaya Aloe Vera Gel , https://m.media-amazon.com/images/I/61iPBNJeRaL._AC_UF10001000_QL80_.jpg , Beauty & Cosmetics , 199 , 300ml
Vaseline Body Lotion , https://assets.unileversolutions.com/v1/1627856.png , Beauty & Cosmetics , 399 , 1 pcs
Revlon Lipstick , https://encrypted-tbn0.gstatic.com/images?q=tbn:ANd9GcT7nLF2Cpv81PYa0gGnCPcAsjvy-7FVAJa8BQ&s , Beauty & Cosmetics , 150 , 100ml
Biotique Face Wash , https://cdn.azure.revlon.com/-/media/project/revlon-inc/revlon/revloncom/revlon-colorstay-suede-ink-lipstick-lineup.ashx?h=9 , Beauty & Cosmetics , 599 , 50g
Olay Night Cream , https://m.media-amazon.com/images/I/51c+oSX++6L.jpg , Beauty & Cosmetics , 199 , 9ml
Colorbar Nail Polish , https://www.colorbarcosmetics.com/media/mageplaza/blog/post/b/o/bold_nail_polish_colors_by_colorbar.png?auto=web , Beauty & Cosmetics , 899 , 200ml
Kama Ayurveda Hair Oil , https://encrypted-tbn2.gstatic.com/shopping?q=tbn:ANd9GcRVNY5kBqcJ30yWsycy1-FD3PoClFyvsjPicI8SIeoWU4qpsZgbKhW2wt-QM1PbMx6lyfLbTmNJ_Rybec8fjvKRS28opbG7EaZGDsLoFpSQNNJkoHMFNNUP , Beauty & Cosmetics , 99 , 10g
Lakme Lip Balm , https://shop.lakmesalon.in/cdn/shop/files/7_1dd17e2e-5623-4041-bef4-330e40ff1aac.jpg?v=1718370249&width=1946 , Beauty & Cosmetics , 450 , 250ml
The Body Shop Shower Gel , https://m.media-amazon.com/images/I/71z+rTVXIiL.jpg , Beauty & Cosmetics , 499 , 100ml
Neutrogena Sunscreen , https://images.ctfassets.net/f3tkdizvrgki/2rGTyrk7NMlloX8amVjY02/1f6bdd07a475b2c679ba5b635816b9ca/ultrasheer.jpg , Beauty & Cosmetics , 399 , 100ml
L'Oréal Paris Hair Serum , https://m.media-amazon.com/images/I/61w2rZtl3kL._AC_.jpg , Beauty & Cosmetics , 99 , 200g
Pond's Talc , https://ponds.in/cdn/shop/products/12139-S5_8901030868993_900x.jpg?v=1645710310 , Beauty & Cosmetics , 145 , 500ml
Safi Blood Purifier , https://m.media-amazon.com/images/I/71t7+MdyEAL.jpg , Beauty & Cosmetics , 350 , 100g
Lotus Herbals Face Pack , https://www.lotusherbals.com/cdn/shop/files/Gold_77891711-5ebf-4ed2-ac27-f90f914ec0c8.jpg?v=1688807691 , Beauty & Cosmetics , 199 , 200ml
Garnier Fructis Conditioner , https://m.media-amazon.com/images/I/51wFEV5JjwL.jpg , Beauty & Cosmetics , 349 , 50ml
Aroma Magic Essential Oil , https://aromamagic.com/cdn/shop/files/LemonEssentialOil-3.jpg?v=1691582637 , Beauty & Cosmetics , 1299 , 30ml
Bioderma Hydrabio Serum , https://encrypted-tbn0.gstatic.com/images?q=tbn:ANd9GcRWdIi4hLQMh8rpzuwrGZbmHwtkVdOlEITmMQ&s , Beauty & Cosmetics , 199 , 1 pcs
Maybelline Eyebrow Pencil , https://encrypted-tbn0.gstatic.com/images?q=tbn:ANd9GcTMXBCFBN5epVD3XXUqe2TQBr4t5BU2_M4vDA&s , Home & Kitchen Essentials , 1599 , 3 liters
Prestige Pressure Cooker , https://m.media-amazon.com/images/I/514M+UZ5bhL.jpg , Home & Kitchen Essentials , 3499 , 1 pcs
Philips Mixer Grinder , https://m.media-amazon.com/images/I/71mL2bdyRdL.jpg , Home & Kitchen Essentials , 2199 , 1 pcs
Crompton Ceiling Fan , https://www.crompton.co.in/cdn/shop/files/PL2_17_1_1.jpg?v=1695044262&width=1445 , Home & Kitchen Essentials , 2499 , 3 pcs
Tefal Non-Stick Cookware Set , https://thumbs.dreamstime.com/b/pedigree-petfoods-products-mars-incorporated-poznan-poland-feb-dog-food-subsidiary-american-group-headquartered-mclean-110751931.jpg , Home & Kitchen Essentials , 1499 , 2 burners
Pigeon Gas Stove , https://rukminim2.flixcart.com/image/850/1000/xif0q/gas-stove/e/l/v/-original-imagrzvn9ymmgsvj.jpeg?q=90&crop=false , Home & Kitchen Essentials , 999 , 1 pcs
Zebronics Bluetooth Speaker , https://shop.zebronics.com/cdn/shop/products/zeb-octva-pic-2.jpg?v=1662009331&width=2000 , Home & Kitchen Essentials , 5999 , 20 liters
Borosil Microwave Oven , https://encrypted-tbn0.gstatic.com/images?q=tbn:ANd9GcQK2NBKWX55TNPaQZSTGB1rpzQIMVl82qAKbw&s , Home & Kitchen Essentials , 299 , 1 pcs
Smart LED Bulbs , https://encrypted-tbn0.gstatic.com/images?q=tbn:ANd9GcSe7VEtLMMpIqjJOn68ClKqwk_5o3FJST3-QA&s , Home & Kitchen Essentials , 799 , 5 pcs
Tupperware Storage Containers , https://media.cnn.com/api/v1/images/stellar/prod/230413122315-tupperware-glass-containers-wellness-stock.jpg?c=original , Home & Kitchen Essentials , 2999 , 1 pcs
JBL Bluetooth Headphones , https://m.media-amazon.com/images/I/61kFL7ywsZS._AC_UF10001000_QL80_.jpg , Home & Kitchen Essentials , 3499 , 4 pcs
Hawkins Cookware Set , https://encrypted-tbn0.gstatic.com/images?q=tbn:ANd9GcT2RUVZwx_mn3rCHDiT_2oDnlRos4HNmb9LLw&s , Home & Kitchen Essentials , 699 , 4 pcs
Café Coffee Mug Set , https://nestasia.in/cdn/shop/files/coffeecups_1_be511344-349d-41f3-a69c-17b50dd155ae.jpg?v=1701657444 , Home & Kitchen Essentials , 999 , 1 pcs
Prestige Hand Blender , https://rukminim2.flixcart.com/image/850/1000/xif0q/hand-blender/l/u/s/egg-beater-for-kitchen-7-speed-hand-blender-sirteriq-original-imagsmyfgw2uspcc.jpeg?q=90&crop=false , Home & Kitchen Essentials , 5999 , 1 pcs
Cuisinart Food Processor , https://media.istockphoto.com/id/500455404/photo/single-electric-food-processor-in-retail-store.jpg?s=612x612&w=0&k=20&c=tdZ79YLvfm4ek_s4sKS_fit28PFauRXwXRJD3kylfSQ= , Home & Kitchen Essentials , 799 , 1 pcs
Mora Non-Stick Pan , https://m.media-amazon.com/images/I/81COU6udPbL.jpg , Home & Kitchen Essentials , 3999 , 1 pcs
Bissell Vacuum Cleaner , https://media.istockphoto.com/id/927031764/photo/vacuum-cleaner-isolated-on-white-background.jpg?s=612x612&w=0&k=20&c=p2WFCCgubSVDs3a3VhEkpWM9ZrqbncKvHtT4J7aaM9U= , Home & Kitchen Essentials , 599 , 2 pcs
Sutlej Cotton Hand Towels , https://m.media-amazon.com/images/I/91+KOCHDkrL.jpg , Home & Kitchen Essentials , 399 , 1 pcs
Floral Tablecloth , https://m.media-amazon.com/images/I/81qWoGtwoNL.jpg , Home & Kitchen Essentials , 799 , 1 pcs
Stainless Steel Spice Box , https://m.media-amazon.com/images/I/715EaT5qUkL._AC_UF8941000_QL80_.jpg , Home & Kitchen Essentials , 4999 , 12 pcs
Mikasa Dinner Set , https://tibros.co.in/cdn/shop/products/03_b7182005-7e6d-496e-83fb-c46ad9898f32.jpg?v=1659251472 , Home & Kitchen Essentials , 6499 , 1 pcs
Zojirushi Rice Cooker , https://cdn.jiostore.online/v2/jmd-asp/jdprod/wrkr/jioretailer/products/pictures/item/free/original/6iGx90ba_Y-kelvinator-krco001182b-e-ricecooker-491903100-i-1-1200wx1200h.jpeg , Home & Kitchen Essentials , 1899 , 1 pcs
Philips Juicer , https://m.media-amazon.com/images/I/71YMdmNDrPL.jpg , Home & Kitchen Essentials , 2499 , 1 pcs
Crockery Set , https://encrypted-tbn0.gstatic.com/images?q=tbn:ANd9GcTfjlOBx6Td-8mbVDHvjLqKFJ-QyTicekn9iQ&s , Home & Kitchen Essentials , 2999 , 20 pcs
Agaro Air Fryer , https://agarolifestyle.com/cdn/shop/files/Slide_1_cbd6d87f-c21e-416a-bc4b-eefbbda43eec.jpg?v=1739356527 , Home & Kitchen Essentials , 3999 , 1 pcs
Car Air Freshener , https://www.shutterstock.com/image-photo/female-driver-near-hanging-aroma-600nw-2172699089.jpg , Automotive Accessories , 199 , 1 pcs
Car Seat Cover , https://encrypted-tbn0.gstatic.com/images?q=tbn:ANd9GcRehjT1zlMRPdAzEDzQuK9k59MXQ8iNRX4HoQ&s , Automotive Accessories , 799 , 1 pcs
Car Phone Mount , https://encrypted-tbn0.gstatic.com/images?q=tbn:ANd9GcSl40tdQJIZZ7Qb4IQ7p5QAhIdMAm99KToruQ&s , Automotive Accessories , 299 , 1 pcs
Car Vacuum Cleaner , https://media.istockphoto.com/id/481395168/photo/man-hoovering-seat-of-car-during-car-cleaning.jpg?s=612x612&w=0&k=20&c=9fIZRGj4uEfBRcpqWUIi9GQ2ZazgPMzOsoiMA8AqwJ8= , Automotive Accessories , 1499 , 1 pcs
Steering Wheel Cover , https://api.hyundaimobisin.com/service/asset/accessory/3332-STEERING-WHEEL-BLACK-COVER-T7F72IH000-FIERY-RED.jpg , Automotive Accessories , 299 , 1 pcs
Car Floor Mats , https://elegantautoretail.com/cdn/shop/files/2_d71c7162-79d1-4b97-8458-9408d03cf7b8_1000x.jpg?v=1704360926 , Automotive Accessories , 499 , 4 pcs
Car Sunshade , https://media.istockphoto.com/id/1168033835/photo/protective-reflective-surface-under-the-windshield-of-the-passenger-car-parked-on-a-hot-day.jpg?s=612x612&w=0&k=20&c=D-BSxrk3I2usOHsUC48K8SOljhODhx6wU0QZeSXJ8VY= , Automotive Accessories , 349 , 1 pcs
Car Seat Organizer , https://encrypted-tbn0.gstatic.com/images?q=tbn:ANd9GcQnIVHggl0XMXKznlKlRngRo2iOKHYbKtyD1Q&s , Automotive Accessories , 499 , 1 pcs
Car Jump Starter , https://m.media-amazon.com/images/I/71WjgquDduL.jpg , Automotive Accessories , 2499 , 1 pcs
Tyre Inflator , https://m.media-amazon.com/images/I/616Sqt4w6-L.jpg , Automotive Accessories , 1299 , 1 pcs
Dashboard Camera , https://media.istockphoto.com/id/1422982318/photo/car-cctv-camera-video-recorder-for-driving-safety-on-the-road.jpg?s=612x612&w=0&k=20&c=rz-01sxSXTJmN-tPI7hxxDpzg9wWiUafjYe2_s_sn-0= , Automotive Accessories , 2499 , 1 pcs
Car Backseat Protector , https://media.istockphoto.com/id/1080335414/photo/dash-camera-or-car-video-recorder-in-vehicle-on-the-way.jpg?s=612x612&w=0&k=20&c=dsbQ4zM2K_BJpgqh-khOW9bLj8nDA882LGe7a56poeI= , Automotive Accessories , 599 , 1 pcs
Car Blind Spot Mirrors , https://www.shutterstock.com/image-photo/back-seat-black-red-car-600nw-2456667287.jpg , Automotive Accessories , 249 , 2 pcs
Seatbelt Adjuster , https://www.shutterstock.com/image-photo/blind-spot-assistant-car-driving-assistance-2426134059 , Automotive Accessories , 149 , 1 pcs
Portable Car Refrigerator , https://m.media-amazon.com/images/I/8155JYrZCxL.jpg , Automotive Accessories , 2999 , 1 pcs
Car LED Light Kit , https://m.media-amazon.com/images/I/51j4snLs9tL._AC_UF10001000_QL80_.jpg , Automotive Accessories , 999 , 1 set
Car Emergency Kit , https://encrypted-tbn0.gstatic.com/images?q=tbn:ANd9GcTtThWzbZh878a1Kx6fPhZ6C6jvSX2EPYVvcQ&s , Automotive Accessories , 1999 , 1 set
Car Cup Holder Expander , https://m.media-amazon.com/images/I/71p9FLhJlEL._AC_UF10001000_QL80_.jpg , Automotive Accessories , 299 , 1 pcs
Tire Pressure Monitoring System , https://m.media-amazon.com/images/I/61tTHoRZYlL._AC_UF10001000_QL80_.jpg , Automotive Accessories , 1799 , 1 pcs
Car Window Shade , https://encrypted-tbn0.gstatic.com/images?q=tbn:ANd9GcQNAenimGpkTVRrMy0iYD9kyouDuWY0q181xw&s , Automotive Accessories , 249 , 1 pcs
Car Bluetooth Receiver , https://m.media-amazon.com/images/I/61yqlBkCYZL.jpg , Automotive Accessories , 799 , 1 pcs
LED Fog Lights , https://m.media-amazon.com/images/S/al-eu-726f4d26-7fdb/a9867965-9479-4e58-9345-e6e7c5a5d2d2._CR001200628_SX430_QL70_.jpg , Automotive Accessories , 1999 , 2 pcs
Car Windshield Washer , https://m.media-amazon.com/images/I/71ZWdscOo+L.jpg , Automotive Accessories , 399 , 1 pcs
Rearview Mirror , https://www.shutterstock.com/image-photo/view-mountains-cars-rearview-mirror-260nw-2190018079.jpg , Automotive Accessories , 799 , 1 pcs
Car Battery Charger , https://m.media-amazon.com/images/I/61rDWdjdYoL.jpg , Automotive Accessories , 1499 , 1 pcs
Pedigree Dog Food , https://thumbs.dreamstime.com/b/pedigree-petfoods-products-mars-incorporated-poznan-poland-feb-dog-food-subsidiary-american-group-headquartered-mclean-110751931.jpg , Pet Supplies , 799 , 3 kg
Whiskas Cat Food , https://encrypted-tbn0.gstatic.com/images?q=tbn:ANd9GcTT3bQvZhwolhLWosOGpjyJRfYq0dLtrmdlPQ&s , Pet Supplies , 499 , 1.2 kg
Trixie Dog Leash , https://headsupfortails.com/cdn/shop/products/IMG_0780_36bc1f53-d8e3-41d6-a759-09652b7ac219.jpg?v=1664540943 , Pet Supplies , 299 , 1 pcs
Cat Litter , https://media.istockphoto.com/id/1350663397/photo/female-hand-cleaning-cat-litter-box-with-shovel.jpg?s=612x612&w=0&k=20&c=3P7QBGNgwnJ1VsrL6vj-yLm1SXWgM_wu_PhA8xL5J7I= , Pet Supplies , 599 , 5 kg
Pawise Dog Toys , https://m.media-amazon.com/images/I/71i62U0bTwL.jpg , Pet Supplies , 399 , 1 pcs
Dog Shampoo , https://headsupfortails.com/cdn/shop/files/ItchRelifeOatmeal_1_-1.jpg?v=1739044367 , Pet Supplies , 199 , 200ml
Dog Collar , https://www.shutterstock.com/image-photo/red-leather-dog-collar-gold-260nw-1451873705.jpg , Pet Supplies , 199 , 1 pcs
Bird Cage , https://media.istockphoto.com/id/1292005885/vector/bird-cage-vector-illustration.jpg?s=612x612&w=0&k=20&c=ijCjXg58936h5IgoLuUq8RhnwCgOKzKN7GELocQJ9KE= , Pet Supplies , 1499 , 1 pcs
Hamster Cage , https://www.shutterstock.com/image-photo/cage-two-small-hamsters-260nw-1876827886.jpg , Pet Supplies , 999 , 1 pcs
Royal Canin Cat Food , https://encrypted-tbn0.gstatic.com/images?q=tbn:ANd9GcSJa9kSNX8YRdeF-pkWHpORdObb6Kbn_ycd_Q&s , Pet Supplies , 999 , 2 kg
Dog Flea Collar , https://m.media-amazon.com/images/I/71eY6ioqN0L._AC_UF10001000_QL80_.jpg , Pet Supplies , 249 , 1 pcs
Fish Tank , https://encrypted-tbn0.gstatic.com/images?q=tbn:ANd9GcQgYMVy3lRQmnhYolSS2cjJtViaLTeFJdXHuA&s , Pet Supplies , 1799 , 1 pcs
Pet Bed , https://encrypted-tbn0.gstatic.com/images?q=tbn:ANd9GcSI-78VuU45xkgPO73M17pO8jq5Sv-7jyk9tA&s , Pet Supplies , 799 , 1 pcs
Pet Carrier , https://m.media-amazon.com/images/I/81iokN0PpEL.jpg , Pet Supplies , 999 , 1 pcs
Fish Food , https://encrypted-tbn0.gstatic.com/images?q=tbn:ANd9GcQHBgHXVrDP95mdmnUkOSKCpyWGKbHUsfNEGQ&s , Pet Supplies , 199 , 150g
Pet Water Fountain , https://m.media-amazon.com/images/I/71rkzncO7RL._AC_UF10001000_QL80_.jpg , Pet Supplies , 1299 , 1 pcs
Dog Training Pads , https://m.media-amazon.com/images/I/719uS4DlQvL.jpg , Pet Supplies , 299 , 50 pcs
Pet Grooming Brush , https://headsupfortails.com/cdn/shop/products/DSC_8043-Edit.jpg?v=1739045659&width=823 , Pet Supplies , 249 , 1 pcs
Bird Food , https://encrypted-tbn0.gstatic.com/images?q=tbn:ANd9GcRvSmIRxWSSZawqDzkktvxXPdoa7CGb_Q03og&s , Pet Supplies , 299 , 1 kg
Pet Muzzle , https://img.freepik.com/free-photo/adorable-husky-dog-with-muzzle-outdoors_23-2149198356.jpg , Pet Supplies , 349 , 1 pcs
Hamster Wheel , https://t3.ftcdn.net/jpg/05/77/78/94/360_F_577789470_7kIZjC19wVGRmc88knmntC6thcAPM1rj.jpg , Pet Supplies , 199 , 1 pcs
Pet Cleaning Wipes , https://encrypted-tbn0.gstatic.com/images?q=tbn:ANd9GcT3j3M2fC24z9gCCa8-PInlEZhpX8K_yqx99w&s , Pet Supplies , 149 , 80 pcs
Dog Training Treats , https://encrypted-tbn0.gstatic.com/images?q=tbn:ANd9GcTdJZML3HP2sT6H1CGT__nj3QCcOmXFCvcBQQ&s , Pet Supplies , 399 , 200g
Cat Scratcher , https://m.media-amazon.com/images/I/81H5avBa1cL.jpg , Pet Supplies , 599 , 1 pcs
Pet Nail Clippers , https://m.media-amazon.com/images/I/61+ofw0rbsL.jpg , Pet Supplies , 249 , 1 pcs
Decathlon Dumbbell Set , https://images.unsplash.com/photo-1576678927484-cc907957088c?fm=jpg&q=60&w=3000&ixlib= , Sports & Fitness , 1499 , 2 pcs
Treadmill , https://images.pexels.com/photos/1954524/pexels-photo-1954524.jpeg?auto=compress&cs=tinysrgb& , Sports & Fitness , 24999 , 1 pcs
Yoga Mat , https://media.istockphoto.com/id/1324877187/photo/close-up-of-athletic-woman-rolling-up-her-exercise-mat-after-practicing-at-health-club.jpg?s=612x612&w=0&k=20&c=p8aas4SeJ59cnsHbym , Sports & Fitness , 799 , 1 pcs
Resistance Bands , https://m.media-amazon.com/images/I/81CgJrVHnGL.jpg , Sports & Fitness , 499 , 5 pcs
Fitness Tracker , https://pyxis.nymag.com/v1/imgs/921/c0c/d56eeaa21522d8918ee1cedde9de , Sports & Fitness , 1999 , 1 pcs
Jump Rope , https://media.istockphoto.com/id/1128646064/photo/unrecognizable-sportswoman-jumping-rope-o , Sports & Fitness , 299 , 1 pcs
Kettlebell , https://images.unsplash.com/photo-1562771242-7d077824055a?fm=jpg&q=60&w=3000&ixli , Sports & Fitness , 999 , 1 pcs
Foam Roller , https://m.media-amazon.com/images/I/61QUuUuLlKL.jpg , Sports & Fitness , 799 , 1 pcs
Dumbbells , https://images.unsplash.com/photo-1576678927484-cc907957088c?fm=jpg&q=60&w=3000&ixlib=rb-4.0.3&ixid= , Sports & Fitness , 1299 , 2 pcs
Ab Wheel , https://media.istockphoto.com/id/919567346/photo/handsome-man-training-with-wheel-to-strengt , Sports & Fitness , 499 , 1 pcs
Exercise Bike , https://media.istockphoto.com/id/637978400/photo/modern-gym-interior-with-equipment-fitness-ex , Sports & Fitness , 11999 , 1 pcs
Punching Bag , https://rukminim2.flixcart.com/image/850/1000/xif0q/kit/i/3/w/unfilled-heavy-premium-2-ft-b , Sports & Fitness , 4999 , 1 pcs
Pull-up Bar , https://5.imimg.com/data5/SELLER/Default/2023/2/LF/HD/QF/8029466/pull-up-bar.jpg , Sports & Fitness , 799 , 1 pcs
Barbell Set , https://m.media-amazon.com/images/I/611A37H1D2L.jpg , Sports & Fitness , 3999 , 1 set
Medicine Ball , https://m.media-amazon.com/images/I/81G41XJ3ppL.jpg , Sports & Fitness , 899 , 1 pcs
Knee Support Brace , https://www.shutterstock.com/image-photo/sport-healthy-lifestyle-concept-happy-260nw-1837035565.jpg , Sports & Fitness , 299 , 1 pcs
Stability Ball , https://www.shutterstock.com/image-photo/sport-healthy-lifestyle-concept-happy-260nw-1837035565.jpg , Sports & Fitness , 999 , 1 pcs
Sports Shoes , https://paragonfootwear.com/cdn/shop/products/k1015g_blk_1.jpg?v=1739348727&width=1920 , Sports & Fitness , 2499 , 1 pair
Yoga Blocks , https://media.istockphoto.com/id/1307599895/photo/slender-girl-doing-stretching-with-yoga-blocks.jpg , Sports & Fitness , 399 , 2 pcs
Swimming Goggles , https://m.media-amazon.com/images/I/61TMyMBwZoL._AC_UF8941000_QL80_.jpg , Sports & Fitness , 299 , 1 pcs
Gym Gloves , https://m.media-amazon.com/images/I/61JYLvX3MTL.jpg , Sports & Fitness , 599 , 1 pair
Resistance Loop Bands , https://m.media-amazon.com/images/I/31tnozVY82L._AC_UF8941000_QL80_.jpg , Sports & Fitness , 399 , 5 pcs
Speed Agility Ladder , https://encrypted-tbn0.gstatic.com/images?q=tbn:ANd9GcSTl-Ah5tCHRyruMvRJIVF4shIt6FZzve_5yw&s , Sports & Fitness , 699 , 1 pcs
Rowing Machine , https://assets.roguefitness.com/f_autoq_autoc_limitw_1600b_rgb:ffffff/catalog/Conditioning/Endurance%20/Concept%202%20Rowers/C2R , Sports & Fitness , 12999 , 1 pcs
Boxing Gloves , https://c8.alamy.com/comp/E03GP9/red-boxing-gloves-isolated-on-white-background-E03GP9.jpg , Sports & Fitness , 999 , 1 pair
Cordless Drill , https://www.realsimple.com/thmb/3_My8MHh4vVQZ96KZ-BEEza6Ex6Y=/1500x0/filters:no_upscale():max_bytes(1500 , Home Improvement & Hardware , 2999 , 1 pcs
Paint Brush Set , https://encrypted-tbn0.gstatic.com/images?q=tbn:ANd9GcTlYqnQvZDG98iMT0yxBBaObh7CjQrWJ9dHKA&s , Home Improvement & Hardware , 499 , 5 pcs
Screwdriver Set , https://m.media-amazon.com/images/I/81+jq46RN9L.jpg , Home Improvement & Hardware , 699 , 10 pcs
Extension Cord , https://5.imimg.com/data5/SELLER/Default/2020/10/XJ/RW/TE/40788096/power-strip-extension-cord-500x500.jpg , Home Improvement & Hardware , 299 , 1 pcs
LED Work Light , https://m.media-amazon.com/images/I/71vWZR5Y7PL.jpg , Home Improvement & Hardware , 799 , 1 pcs
Measuring Tape , https://rukminim2.flixcart.com/image/850/1000/l5jxt3k0/measurement-tape/1/s/5/1-5-1-5m-body-measuring-ruler-sewing-tailor-measuring-tape-o , Home Improvement & Hardware , 199 , 1 pcs
Drill Bit Set , https://m.media-amazon.com/images/I/71jjRdo5Z0L.jpg , Home Improvement & Hardware , 599 , 1 set
Hacksaw , https://i0.wp.com/www.theengineeringchoice.com/wp-content/uploads/2024/06/What-is-a-hacksaw.we , Home Improvement & Hardware , 349 , 1 pcs
Wrench Set , https://m.media-amazon.com/images/I/91f0CvLBsvL._AC_UF10001000_QL80_.jpg , Home Improvement & Hardware , 899 , 1 set
Toolbox , https://5.imimg.com/data5/EI/ED/MY-2082997/tool-box.jpg , Home Improvement & Hardware , 499 , 1 pcs
Power Sander , https://encrypted-tbn0.gstatic.com/images?q=tbn:ANd9GcSop-R_mRWg7H9fuJpOgP5e8MCGecBNt9koxA&s , Home Improvement & Hardware , 2499 , 1 pcs
Tile Cutter , https://www.shutterstock.com/image-photo/tiler-cutting-tile-manual-cutter-260nw-1831253428.jpg , Home Improvement & Hardware , 1499 , 1 pcs
Pliers Set , https://img.freepik.com/free-vector/ancient-broken-greek-columns-baroque-pillars_107791-2279.jpg , Home Improvement & Hardware , 399 , 3 pcs
Caulking Gun , https://rukminim2.flixcart.com/image/850/1000/xif0q/glue-gun/g/q/g/0-0-high-quality-silicone-caulking-gun-manual-cartridge-rod- , Home Improvement & Hardware , 249 , 1 pcs
Spray Paint , https://m.media-amazon.com/images/I/71MRMMQBvsL.jpg , Home Improvement & Hardware , 199 , 400ml
Silicone Sealant , https://www.shutterstock.com/image-photo/construction-worker-using-silicone-sealant-260nw-2202531773.jpg , Home Improvement & Hardware , 199 , 300ml
Electric Drill , https://c8.alamy.com/comp/2EM3X36/electrician-with-electrical-tools-and-equipment-power-industry-profession-vector-design-electric-engineer-or-wireman-in-uniform-with-electricity-met-2EM3X36.jpg , Home Improvement & Hardware , 1599 , 1 pcs
Circular Saw , https://www.bosch-pt.co.in/in/en/ocsmedia/246835-54/application-image/1434x828/hand-held-circular-saw-gks-235-turbo-06015a20f0.png , Home Improvement & Hardware , 3499 , 1 pcs
Duct Tape , https://upload.wikimedia.org/wikipedia/commons/thumb/8/89/Duct-tape.jpg/1200px-Duct-tape.jpg , Home Improvement & Hardware , 149 , 1 roll
Clamps Set , https://thumbs.dreamstime.com/b/bar-clamp-set-various-clamps-tools-can-be-used-carpentry-woodworking-other-crafts-70303306.jpg , Home Improvement & Hardware , 499 , 4 pcs
Spirit Level , https://www.shutterstock.com/image-photo/yellow-spirit-level-isolated-on-260nw-161573021.jpg , Home Improvement & Hardware , 299 , 1 pcs
Safety Goggles , https://encrypted-tbn0.gstatic.com/images?q=tbn:ANd9GcQ9GthEhjNnI1DcpF07LknFC59nHLllE_47tQ&s , Home Improvement & Hardware , 249 , 1 pcs
Drill Stand , https://media.istockphoto.com/id/1949477329/photo/vertical-drilling-bench-drill-press-machine-3d-rendering.jpg?s=612x612&w=0&k=20&c=yvc2kmrjUt2uOT8I7ivV8oR0v1YZ1GmjY0m4m8b_isU= , Home Improvement & Hardware , 999 , 1 pcs
Paint Roller , https://t4.ftcdn.net/jpg/00/39/88/69/360_F_39886979_tGTL5DklgGdpGCy9OhBuesbTU6w1RJIA.jpg , Home Improvement & Hardware , 199 , 1 pcs
Travel Backpack , https://m.media-amazon.com/images/I/91qVLIj62WL._AC_UY1100_.jpg , Travel & Luggage , 1999 , 1 pcs
Carry-On Luggage , https://encrypted-tbn0.gstatic.com/images?q=tbn:ANd9GcQXIfWdKhMOVp79R-C6HBOrXVONbGysybkl-g&s , Travel & Luggage , 4999 , 1 pcs
Travel Adapter , https://m.media-amazon.com/images/I/41E3SKS1DoL._AC_UF10001000_QL80_.jpg , Travel & Luggage , 799 , 1 pcs
Rolling Suitcase , https://www.shutterstock.com/image-photo/wheeled-suitcases-hand-luggage-spinner-260nw-2415330453.jpg , Travel & Luggage , 3499 , 1 pcs
Laptop Backpack , https://www.cnet.com/a/img/resize/1d34dbb3208728418212778201c3b4add3bda110/hub/2021/10/20/c8de312d-eaa1-4aa8-9012-a7fed7e4d57f/nomatic-travel-backpack-01.jpg?auto=webp&fit=crop&height=1200&width=1200 , Travel & Luggage , 2499 , 1 pcs
Duffel Bag , https://encrypted-tbn0.gstatic.com/images?q=tbn:ANd9GcRy_evAUoeP780Zrbp0JkL0xqus8TOAAEenmQ&s , Travel & Luggage , 1499 , 1 pcs
Packing Cubes Set , https://m.media-amazon.com/images/I/71PPq2VGKQL.jpg , Travel & Luggage , 599 , 1 set
Toiletry Bag , https://m.media-amazon.com/images/I/712aXeAI2yL.jpg , Travel & Luggage , 399 , 1 pcs
Travel Pillow , https://www.shutterstock.com/image-photo/travel-colorful-sleeping-pillow-neck-on-2274872139 , Travel & Luggage , 499 , 1 pcs
Trolley Bag , https://safaribags.com/cdn/shop/files/1_29aea9b9-ff96-473f-b8b3-25e07800c43f.jpg?v=1691081339 , Travel & Luggage , 2999 , 1 pcs
Beach Bag , https://images.pexels.com/photos/634538/pexels-photo-634538.jpeg?cs=srgb&dl=pexels-sanddollar-205436-634538.jpg&fm=jpg , Travel & Luggage , 799 , 1 pcs
Hand Luggage , https://dictionary.cambridge.org/es/images/thumb/handlu_noun_002_17144.jpg?version=6.0.45 , Travel & Luggage , 1599 , 1 pcs
Suitcase Set , https://encrypted-tbn0.gstatic.com/images?q=tbn:ANd9GcS4to-cr1Sm6hM8clSSf_8mJQ9rdqy7IHitjQ&s , Travel & Luggage , 5999 , 3 pcs
Travel Duffel , https://rukminim2.flixcart.com/image/2700/3440/xif0q/shopsy-duffel-bag/p/k/x/60-l-strolley-duffel-bag-fabric-travel-duffel-bags-for-men-and-original-imah4szgvfyzrkef.jpeg?q=60&crop=false , Travel & Luggage , 799 , 1 pcs
Travel Wallet , https://media.istockphoto.com/id/1327336750/photo/suitcase-and-passport.jpg?s=612x612&w=0&k=20&c=BA9gtgyA5JqmWzRWf3hkyWKsvCeo6VMsQorzcrpGLvo= , Travel & Luggage , 399 , 1 pcs
Garment Bag , https://m.media-amazon.com/images/I/71bqc5fkjjL.jpg , Travel & Luggage , 1299 , 1 pcs
Luggage Locks , https://m.media-amazon.com/images/I/71BAe03vOXL.jpg , Travel & Luggage , 199 , 1 set
Shoulder Bag , https://assets.ajio.com/medias/sys_master/root/20230523/tS5z/646cc4a542f9e729d7a5e292/-473Wx593H-466184259-grey-MODEL.jpg , Travel & Luggage , 999 , 1 pcs
Inflatable Neck Pillow , https://media.istockphoto.com/id/1276407397/vector/bedroom-pillow-set-isolated-on-white-background.jpg?s=612x612&w=0&k=20&c=MOo5U9f5-VEOH34QPn8KywBSKNx9astAfthmiirrCdo= , Travel & Luggage , 249 , 1 pcs
Compression Bags , https://encrypted-tbn0.gstatic.com/images?q=tbn:ANd9GcRnw8eRoH1ckHOIBzjq5LCwspciL9Ik9lkgQA&s , Travel & Luggage , 399 , 5 pcs
Expandable Luggage , https://img.tatacliq.com/images/i15/437Wx649H/MP000000020244935_437Wx649H_202311261857121.jpeg , Travel & Luggage , 4499 , 1 pcs
Baggage Scale , https://c8.alamy.com/comp/EX07NC/airline-kerbside-check-in-scales-with-suitcases-jfk-new-york-usa-EX07NC.jpg , Travel & Luggage , 799 , 1 pcs
Travel Umbrella , https://www.shutterstock.com/image-vector/set-realistic-umbrella-various-type-260nw-1891698943.jpg , Travel & Luggage , 399 , 1 pcs
Laptop Sleeve , https://media.istockphoto.com/id/1249281465/photo/hands-of-a-businesswoman-taking-out-her-laptop-computer-out-of-the-sleeve-on-her-desk.jpg?s=612x612&w=0&k=20&c=Lpx54SjLYbI8qhZpmbJ9dMfkqnccMz9dc-a9eN5nbiw= , Travel & Luggage , 799 , 1 pcs
Tie Bar , https://3.imimg.com/data3/QC/UA/MY-963932/tie-bars-for-injection-moulding-machines-500x500.jpg , Luxury & Fashion Accessories , 799 , 1 pcs
Leather Belt , https://images.unsplash.com/photo-1591117105338-4eb266b13c7d?w=500&auto=format&fit=crop&q=60&ixlib=rb-4.0.3&ixid=M3wxMjA3fDB8MHxzZWFyY2h8Mnx8bGVhdGhlciUyMGJlbHR8ZW58MHx8MHx8fDA%3D , Luxury & Fashion Accessories , 1499 , 1 pcs
Sunglasses , https://www.shutterstock.com/image-vector/set-black-sunglasses-cartoon-icon-260nw-2542798345.jpg , Luxury & Fashion Accessories , 2499 , 1 pcs
Watch , https://t4.ftcdn.net/jpg/03/28/84/39/360_F_328843922_Vr2R3qeHLBAJEvmtw3bTXM2HChKKQ5Km.jpg , Luxury & Fashion Accessories , 8999 , 1 pcs
Cufflinks , https://frenchcrown.in/cdn/shop/products/CL39-_1.jpg?v=1700656959&width=1800 , Luxury & Fashion Accessories , 1299 , 1 pair
Wallet , https://media.istockphoto.com/id/180756294/photo/wallet.jpg?s=612x612&w=0&k=20&c=sc6I6KsEbi , Luxury & Fashion Accessories , 1599 , 1 pcs
Scarf , https://encrypted-tbn0.gstatic.com/images?q=tbn:ANd9GcQbh7hX7jMzBwc2yPQi2v5fnryb3ylJFp2cEw&s , Luxury & Fashion Accessories , 799 , 1 pcs
Tie , https://m.media-amazon.com/images/I/81JnHQzGqAL._AC_UY1100_.jpg , Luxury & Fashion Accessories , 599 , 1 pcs
Handbag , https://rukminim2.flixcart.com/image/850/1000/xif0q/sling-bag/8/g/m/-original-imagvz42hnzf3kze.jpeg?q=90&crop=false , Luxury & Fashion Accessories , 3499 , 1 pcs
Bracelet , https://www.fashioncrab.com/wp-content/uploads/2023/10/White-Heart-Anti-Tarnish-Bracelet-Rose-Gold-01.jpg , Luxury & Fashion Accessories , 1299 , 1 pcs
Hat , https://encrypted-tbn0.gstatic.com/images?q=tbn:ANd9GcQvEd6Z5K0paqS-ATqtzYPLlZ3oiNyuLkSovQ&s , Luxury & Fashion Accessories , 999 , 1 pcs
Keychain , https://encrypted-tbn0.gstatic.com/images?q=tbn:ANd9GcRDOA6ef4aDUNt7F7aqxlwhB3 , Luxury & Fashion Accessories , 199 , 1 pcs
Gloves , https://m.media-amazon.com/images/I/71FO9XDasrL.jpg , Luxury & Fashion Accessories , 799 , 1 pair
Pocket Square , https://www.shutterstock.com/image-photo/design-stack-single-color-pocket-260nw-2535761203.jpg , Luxury & Fashion Accessories , 299 , 1 pcs
Handkerchief , https://5.imimg.com/data5/HT/QL/MG/SELLER-6997633/ladies-printed-fine-cotton-handkerchief-500x500.jpg , Luxury & Fashion Accessories , 199 , 1 pcs
Belt Buckle , https://baiqueaccessories.com/wp-content/uploads/types-of-belt-buckes-frame-style-buckle.webp , Luxury & Fashion Accessories , 399 , 1 pcs
Shades , https://media.istockphoto.com/id/1141907495/vector/big-set-of-fashionable-black-sunglasses-on-white-background-black-glasses-isolated-with.jpg?s , Luxury & Fashion Accessories , 2499 , 1 pcs
Messenger Bag , https://m.media-amazon.com/images/I/81EPTX8VhwL._AC_UF10001000_QL80_.jpg , Luxury & Fashion Accessories , 1999 , 1 pcs
Chain Necklace , https://rukminim2.flixcart.com/image/850/1000/l0wrafk0/necklace-chain/o/m/b/1-pendant-a61-chain-jewel-world-original-imagch7 , Luxury & Fashion Accessories , 1799 , 1 pcs
Pashmina Shawl , https://media.istockphoto.com/id/177783752/photo/colourful-scarves.jpg?s=612x612&w=0&k=20&c=aZZMPlxHqj , Luxury & Fashion Accessories , 2499 , 1 pcs
Shoe Laces , https://upload.wikimedia.org/wikipedia/commons/3/37/Shoelaces_20050719_001.jpg , Luxury & Fashion Accessories , 99 , 1 pair
Umbrella , https://media.istockphoto.com/id/658421474/photo/colorful-umbrellas , Luxury & Fashion Accessories , 799 , 1 pcs
Fashion Brooch , https://m.media-amazon.com/images/I/71JCNDXSgdL._AC_UY1100_.jpg , Luxury & Fashion Accessories , 499 , 1 pcs
Neck Tie Set , https://www.shutterstock.com/image-photo/strapped-neckties-different-colors-mens- , Luxury & Fashion Accessories , 899 , 1 set
Teddy Bear , https://i.pinimg.com/originals/23/bf/a7/23bfa774eb503426d3278247aa6aaae3.jpg , Toys & Games , 799 , 1 pcs
Building Blocks Set , https://t3.ftcdn.net/jpg/04/72/12/66/360_F_472126629_Yj8WmE4IVhCnBBpnO9DivP0AlFJzcFvJ.jpg , Toys & Games , 999 , 1 set
Board Game , https://plus.unsplash.com/premium_photo-1718879381673-32a65784d27c?fm=jpg&q=60&w=3000&ixlib= , Toys & Games , 599 , 1 pcs
Remote Control Car , https://m.media-amazon.com/images/I/81ap+We87nL.jpg , Toys & Games , 1499 , 1 pcs
Puzzle Set , https://m.media-amazon.com/images/I/81BEc0ZJAnL.jpg , Toys & Games , 299 , 1 set
Dollhouse , https://m.media-amazon.com/images/I/51tUmBBUdHL._AC_UF10001000_QL80_.jpg , Toys & Games , 2499 , 1 pcs
Rubik’s Cube , https://t4.ftcdn.net/jpg/03/03/94/09/360_F_303940952_GxpcN7XZQJN4fc8brvfpksWqFeDWWeUc.jpg , Toys & Games , 199 , 1 pcs
Plush Toy , https://t3.ftcdn.net/jpg/00/74/44/28/360_F_74442850_C0PsTWPFlOfwcPA3AybYefXDBmnWVsWX.jpg , Toys & Games , 499 , 1 pcs
Action Figure , https://c8.alamy.com/comp/PAEXHE/background-of-film-and-cartoon-superheroes-action-figures-toys- , Toys & Games , 799 , 1 pcs
Toy Train Set , https://m.media-amazon.com/images/I/71A-G0CzlGL.jpg , Toys & Games , 1299 , 1 set
Jigsaw Puzzle , https://encrypted-tbn0.gstatic.com/images?q=tbn:ANd9GcRx-7cNyu2CqKP3GWYLo_m3sY2Bvv1vVBORIw&s , Toys & Games , 199 , 1 set
Bouncing Ball , https://media.gettyimages.com/id/127825122/photo/teams-racing-on-exercises-balls.jpg?s= , Toys & Games , 99 , 1 pcs
Frisbee , https://t3.ftcdn.net/jpg/00/50/81/70/240_F_50817017_JFC3odMHzDGA7YRgHQCYOu63FDnDnu6w.jpg , Toys & Games , 299 , 1 pcs
Kite , https://img.freepik.com/free-vector/set-makar-sankranti-kites_24877-55797.jpg?semt=ais_hybrid , Toys & Games , 399 , 1 pcs
Toy Kitchen Set , https://m.media-amazon.com/images/I/71Vwb8dhSYL.jpg , Toys & Games , 799 , 1 set
Toy Gun , https://m.media-amazon.com/images/I/71Q-4Vd9B0L.jpg , Toys & Games , 399 , 1 pcs
Stuffed Animal , https://encrypted-tbn0.gstatic.com/images?q=tbn:ANd9GcTde_o9FzdOvNC8QWrtIx2pwpj , Toys & Games , 699 , 1 pcs
Bicycle , https://encrypted-tbn0.gstatic.com/images?q=tbn:ANd9GcTc4EqPpkqWUS-F2AZxcnrzwoQ0oHrAg1wIbw&s , Toys & Games , 2999 , 1 pcs
Toy Dinosaur , https://m.media-amazon.com/images/I/91eZsa3HjlL.jpg , Toys & Games , 499 , 1 pcs
Jump Rope , https://media.istockphoto.com/id/1128646064/photo/unrecognizable-sportswoman-ju , Toys & Games , 199 , 1 pcs
Soft Ball , https://encrypted-tbn0.gstatic.com/images?q=tbn:ANd9GcTj6By55OGCv1MSKVwUYdOtK57MKo88iNm-Aw&s , Toys & Games , 150 , 1 pcs
Magic Set , https://m.media-amazon.com/images/I/815xxtMnU9L._AC_UF10001000_QL80_.jpg , Toys & Games , 799 , 1 set
Toy Robot , https://t3.ftcdn.net/jpg/02/28/18/78/360_F_228187894_mX42KL3kqvcvddLukcczjf114W7NRj44.jpg , Toys & Games , 999 , 1 pcs
Yo-Yo , https://media.istockphoto.com/id/1070162990/vector/jojo.jpg?s=612x612&w=0&k=20&c , Toys & Games , 199 , 1 pcs
Party Balloons , https://media.gettyimages.com/id/948480478/photo/still-life-of-helium-balloons. , Party & Festive Supplies , 199 , 1 pack
Birthday Banner , https://t4.ftcdn.net/jpg/05/53/39/83/360_F_553398340_TIPvXoqyE9pyYZXN6w6TCq0swXBjMSPs.jpg , Party & Festive Supplies , 299 , 1 pcs
Party Hats , https://t4.ftcdn.net/jpg/03/05/23/01/360_F_305230151_uHGweWK9kVXIpFHXf5tnXyREg0pCPlzA.jpg , Party & Festive Supplies , 99 , 1 pack
Confetti , https://plus.unsplash.com/premium_photo-1683121447942-a62eb0aef48e?fm=jpg&q=60&w= , Party & Festive Supplies , 149 , 1 pack
Fairy Lights , https://encrypted-tbn0.gstatic.com/images?q=tbn:ANd9GcQdel3pCGbDkr8YGKrHyxskC0lgBBuuCwDBUg&s , Party & Festive Supplies , 499 , 1 set
Cake Toppers , https://m.media-amazon.com/images/I/61ACgGEDRVL.jpg , Party & Festive Supplies , 299 , 1 set
Paper Cups , https://5.imimg.com/data5/KR/XR/NW/SELLER-9572777/paper-cup-500x500.jpg , Party & Festive Supplies , 79 , 1 pack
Party Plates , https://media.istockphoto.com/id/1057140670/photo/white-table-served- , Party & Festive Supplies , 149 , 1 pack
Streamers , https://m.media-amazon.com/images/I/81OX9MeTXTL.jpg , Party & Festive Supplies , 199 , 1 set
Table Cloth , https://m.media-amazon.com/images/I/91GAhK4EITL.jpg , Party & Festive Supplies , 399 , 1 pcs
Decorative Lanterns , https://i0.wp.com/www.ariyonainterior.com/wp-content/uploads/2020/11/Magical-Christmas-Lantern-Decor-I , Party & Festive Supplies , 599 , 1 set
Gift Bags , https://media.istockphoto.com/id/617361512/photo/shopping-bags-with-gifts.j , Party & Festive Supplies , 149 , 1 pack
Candles , https://plus.unsplash.com/premium_photo-1680098056984-0c397d284e74?fm=jpg&q=60&w= , Party & Festive Supplies , 99 , 1 set
Balloon Arch Kit , https://m.media-amazon.com/images/I/71xI6Myva6L.jpg , Party & Festive Supplies , 799 , 1 kit
Popcorn Machine , https://media.istockphoto.com/id/1150346553/photo/close-up-serving-popcorn-at-a-concession-stand-at-the-cinema.j , Party & Festive Supplies , 2499 , 1 pcs
Piñata , https://d3kgrlupo77sg7.cloudfront.net/media/chococoorgspice.com/images/product , Party & Festive Supplies , 599 , 1 pcs
Party Favor Boxes , https://m.media-amazon.com/images/I/91MbSbWxjxL.jpg , Party & Festive Supplies , 299 , 1 pack
Cake Stand , https://rukminim2.flixcart.com/image/850/1000/xif0q/cake-pie-server/f/j/d/2-tier-gold-cake-stan , Party & Festive Supplies , 499 , 1 pcs
Cupcake Wrappers , https://m.media-amazon.com/images/I/71J4sEKUUzL.jpg , Party & Festive Supplies , 199 , 1 pack
Sparklers , https://t4.ftcdn.net/jpg/05/38/69/31/360_F_538693128_gQ4CwiiEDLwH0cw7HOdZe6XDlldrK4AE.jp , Party & Festive Supplies , 199 , 1 pack
Party Confetti Cannons , https://media.istockphoto.com/id/883211354/vector/colorful-confetti-cannon-shot-vector. , Party & Festive Supplies , 299 , 1 pcs
Balloons Arch Frame , https://t3.ftcdn.net/jpg/03/14/11/94/360_F_314119439_5K8ejQnEFR3L5RKCCzFUt6hUGGq1Sm , Party & Festive Supplies , 899 , 1 pcs
Disposable Cutlery , https://media.istockphoto.com/id/1220650125/photo/bunner-eco-friendly-disposable-kitchenware-utensils-on-white-b , Party & Festive Supplies , 99 , 1 pack
Decorative Ribbons , https://thumbs.dreamstime.com/z/ribbon-decoration-spiral-set-23534592.jpg , Party & Festive Supplies , 149 , 1 set
Garden Tools Set , https://img.freepik.com/free-vector/set-various-gardening-items-garden-tools-flat-design-illustration-items-gardening-v , Gardening & Outdoor Supplies , 999 , 1 set
Watering Can , https://media.istockphoto.com/id/172936169/photo/watering.jpg?s=612x612&w=0&k=20& , Gardening & Outdoor Supplies , 399 , 1 pcs
Planter Pots , https://thumbs.dreamstime.com/b/flower-pots-outdoor-small-garden-patio-terrace-56322268.jpg , Gardening & Outdoor Supplies , 199 , 1 pcs
Outdoor Garden Furniture , https://media.istockphoto.com/id/1208657520/photo/garden-patio-decorated-with-scandinavian-wicker-sofa-and-coffee-t , Gardening & Outdoor Supplies , 5999 , 1 set
Gardening Gloves , https://www.hoselink.com.au/cdn/shop/products/6690_1.jpg?v=1665392600&width=1445 , Gardening & Outdoor Supplies , 299 , 1 pair
Outdoor Swing , https://m.media-amazon.com/images/I/914bIJj4ViL.jpg , Gardening & Outdoor Supplies , 2499 , 1 pcs
Lawn Mower , https://encrypted-tbn0.gstatic.com/images?q=tbn:ANd9GcSwyPYKqV_kbb00VMWS-m0RO7_GLdLnjlHAMw&s , Gardening & Outdoor Supplies , 8999 , 1 pcs
Garden Hose , https://thumbs.dreamstime.com/b/english-cottage-garden-green-grass-lawn-backyard-house-in , Gardening & Outdoor Supplies , 799 , 1 pcs
Garden Shovel , ttps://media.istockphoto.com/id/181871369/photo/close-up-of-man-shoveling- , Gardening & Outdoor Supplies , 199 , 1 pcs
Fertilizer , https://media.istockphoto.com/id/606230424/photo/agriculture.jpg?s=612x612&w=0&k=20&c=b , Gardening & Outdoor Supplies , 399 , 1 pack
Bird Feeder , https://media.istockphoto.com/id/157327338/photo/great-and-blue-tit-feeding.jp , Gardening & Outdoor Supplies , 399 , 1 pcs
Garden Trellis , https://media.istockphoto.com/id/1073385946/photo/closeup-of-patio-outdoor-spring-f , Gardening & Outdoor Supplies , 999 , 1 pcs
Flower Seeds , https://i.pinimg.com/736x/5d/55/0d/5d550d1ea9c709b85d0222106e4195a8.jpg , Gardening & Outdoor Supplies , 149 , 1 pack
Garden Sprayer , https://m.media-amazon.com/images/I/61I4+cBjOwL._AC_UF10001000_QL80_.jpg , Gardening & Outdoor Supplies , 399 , 1 pcs
Potted Plants , https://media.gettyimages.com/id/1280154279/photo/give-your-home-a-good-dose-of-greenery , Gardening & Outdoor Supplies , 499 , 1 pcs
Patio Umbrella , https://encrypted-tbn0.gstatic.com/images?q=tbn:ANd9GcSQY6UByZ_xbhvq , Gardening & Outdoor Supplies , 1999 , 1 pcs
Outdoor Lantern , https://media.gettyimages.com/id/1330787547/photo/image-of-outdoor-lounging-area , Gardening & Outdoor Supplies , 799 , 1 pcs
Garden Rake , https://media.istockphoto.com/id/157256122/photo/fall-leaves-with-rake.jpg?s=612x612&w=0&k=20&c=xil-TwDn760P , Gardening & Outdoor Supplies , 299 , 1 pcs
Hammock , https://m.media-amazon.com/images/I/61XWkuY+D5L._AC_UF10001000_QL80_.jpg , Gardening & Outdoor Supplies , 1499 , 1 pcs
Outdoor Storage Shed , https://m.media-amazon.com/images/I/91k9JPAuH9L.jpg , Gardening & Outdoor Supplies , 4999 , 1 pcs
Garden Fence , https://m.media-amazon.com/images/I/71irrgdwW3L._AC_UF10001000_QL80_.jpg , Gardening & Outdoor Supplies , 1199 , 1 pcs
Barbecue Grill , https://5.imimg.com/data5/SELLER/Default/2022/7/EV/RP/QU/154922234/charcoal-bbq-barbe , Gardening & Outdoor Supplies , 2499 , 1 pcs
Outdoor Chair , https://m.media-amazon.com/images/I/71M+036iK5L._AC_UF8941000_QL80_.jpg , Gardening & Outdoor Supplies , 799 , 1 pcs
Garden Netting , ttps://www.shutterstock.com/image-photo/green-netting-garden-used-protect-26 , Gardening & Outdoor Supplies , 199 , 1 roll
Office Chair , https://encrypted-tbn0.gstatic.com/images?q=tbn:ANd9GcT3z072oxE0SPuzMtscEqlhZQUyRmsw9cvKxA&s , Industrial & Office Supplies , 4999 , 1 pcs
Desk Lamp , https://encrypted-tbn0.gstatic.com/images?q=tbn:ANd9GcRo_9_ZejjVZFxLZtRHpfku48qES3AVbYYK1w , Industrial & Office Supplies , 799 , 1 pcs
Printer , https://5.imimg.com/data5/SELLER/Default/2021/3/PA/ZQ/LT/121439134/epson-colore-printer-inkjet.jpg , Industrial & Office Supplies , 6999 , 1 pcs
File Folders , https://5.imimg.com/data5/SELLER/Default/2021/11/GC/YW/VE/134825687/document-file-folder.png , Industrial & Office Supplies , 149 , 1 pack
Stapler , https://m.media-amazon.com/images/I/611IBNRk2vL.jpg , Industrial & Office Supplies , 199 , 1 pcs
Paper Clips , https://rukminim2.flixcart.com/image/850/1000/xif0q/clip/z/d/h/gem-paper-clip-28mm , Industrial & Office Supplies , 49 , 1 box
Whiteboard , https://img.freepik.com/free-vector/blank-white-board-with-colored-markers-bi , Industrial & Office Supplies , 1499 , 1 pcs
Desk Organizer , https://assets.wfcdn.com/im/73737300/compr-r85/2212/221286883/walk-desk-organiser.jpg , Industrial & Office Supplies , 499 , 1 pcs
Pen Set , https://m.media-amazon.com/images/I/71ziJZFHZ6L._AC_UF10001000_QL80_.jpg , Industrial & Office Supplies , 299 , 1 set
Sticky Notes , https://5.imimg.com/data5/SELLER/Default/2020/9/CL/LC/XZ/98975205/sticky-notes.jpg , Industrial & Office Supplies , 99 , 1 pack
Computer Mouse , https://upload.wikimedia.org/wikipedia/commons/2/22/3-Tasten-Maus_Microsoft.jpg , Industrial & Office Supplies , 499 , 1 pcs
Keyboard , https://m.media-amazon.com/images/I/71bbJj2y7ZL._AC_UF10001000_QL80_.jpg , Industrial & Office Supplies , 1299 , 1 pcs
Filing Cabinet , https://m.media-amazon.com/images/I/6132EWEvZ+L.jpg , Industrial & Office Supplies , 2999 , 1 pcs
Drawing Board , https://www.shutterstock.com/image-vector/illustration-brown-wooden-easel-board-260nw-1679682472.jpg , Industrial & Office Supplies , 999 , 1 pcs
Shredder , https://www.shutterstock.com/image-vector/illustration-brown-wooden-easel-board-260nw-1679682472.jpg , Industrial & Office Supplies , 2999 , 1 pcs
Punching Machine , https://scooboo.in/cdn/shop/products/kangaro-dp-480-punch-machine-778800.jpg?v=1641550602&width=121 , Industrial & Office Supplies , 499 , 1 pcs
Whiteboard Markers , https://soniofficemate.com/wp-content/uploads/2017/04/516132214-wbm-bister-product.png , Industrial & Office Supplies , 99 , 1 set
Toner Cartridge , https://www.shutterstock.com/image-illustration/stack-laser-printer-cmyk-toners-260nw-1484779127.jpg , Industrial & Office Supplies , 1499 , 1 pcs
Plastic Sleeves , https://m.media-amazon.com/images/I/61s9Pr7XfvL._AC_UF10001000_QL80_.jpg , Industrial & Office Supplies , 79 , 1 pack
Paper Shredder Bags , https://m.media-amazon.com/images/I/612IyQj5OML.jpg , Industrial & Office Supplies , 149 , 1 pack
File Cabinet , https://media.istockphoto.com/id/105194984/photo/file-cabinet-and-folder.jpg?s=612x612&w=0&k=20&c=skw6a , Industrial & Office Supplies , 3499 , 1 pcs
Tape Dispenser , https://www.amazon.in/Scotch-Desk-Tape-Dispenser-Black/dp/B00006IF79?th=1 , Industrial & Office Supplies , 299 , 1 pcs
Desk Mat , https://m.media-amazon.com/images/I/81BcK-7eTuL._AC_UF10001000_QL80_.jpg , Industrial & Office Supplies , 799 , 1 pcs
Diwali Diyas , https://media.istockphoto.com/id/1413577235/photo/oil-lamps-lit-on-street-at-night-during-diwali-celebration. , Special Sections (Seasonal & Occasional) , 199 , 1 set
Christmas Tree , https://hips.hearstapps.com/hmg-prod/images/bright-colorful-christmas-tree , Special Sections (Seasonal & Occasional) , 999 , 1 pcs
Easter Eggs , https://t4.ftcdn.net/jpg/03/27/16/69/360_F_327166972_dACgEyWJtXxCshZRKCah4zutflLTyUER.jpg , Special Sections (Seasonal & Occasional) , 299 , 1 pack
Halloween Masks , https://img.freepik.com/free-vector/flat-halloween-masks-collection_23-2149651330.jpg , Special Sections (Seasonal & Occasional) , 399 , 1 set
Rakhi , https://media.istockphoto.com/id/1254783621/vector/greeting-card-and-template-banner-with-decorative-rakhi-for-raksha-bandhan- , Special Sections (Seasonal & Occasional) , 149 , 1 pcs
New Year Decoration , https://m.media-amazon.com/images/I/818gM6yzNUL.jpg , Special Sections (Seasonal & Occasional) , 599 , 1 set
Valentine’s Day Card , https://img.freepik.com/premium-vector/set-creative-valentines-day-cards_206347-102.jpg?semt=ais_hybrid , Special Sections (Seasonal & Occasional) , 99 , 1 pcs
Firecrackers , ttps://img.freepik.com/free-vector/firework-pictograms-black-background-set_1284-10629.jpg , Special Sections (Seasonal & Occasional) , 299 , 1 pack
Holi Colors , https://static.toiimg.com/photo/63110897.cms , Special Sections (Seasonal & Occasional) , 199 , 1 pack
Balloons for Birthday , https://t3.ftcdn.net/jpg/09/04/74/54/360_F_904745473_9TwqZT9oEpo7Rgd4dZRMcQS1D90OgJvy.jpg , Special Sections (Seasonal & Occasional) , 249 , 1 pack
Christmas Lights , https://plus.unsplash.com/premium_photo-1701454736122-14b846cfb3c3?fm=jpg&q=60&w=3000&ixlib=rb-4.0.3&ixid=M3 , Special Sections (Seasonal & Occasional) , 799 , 1 set
Diwali Lanterns , https://media.istockphoto.com/id/1350643600/photo/pune-maharashtra-india-oct-30-2021-colorful-traditional-lanterns , Special Sections (Seasonal & Occasional) , 399 , 1 pcs
Gudi Padwa Decorative , https://img.freepik.com/free-vector/gradient-gudi-padwa-illustration_23-2149314760.jpg , Special Sections (Seasonal & Occasional) , 599 , 1 set
Onam Sadhya Set , https://www.shutterstock.com/image-photo/traditional-onam-sadhya-rice-sambar-260nw-2191949009.jpg , Special Sections (Seasonal & Occasional) , 799 , 1 set
Christmas Gift Wrap , https://www.halfbakedharvest.com/wp-content/uploads/2018/12/Christmas-Gift-Wrapping-Ideas-1.jpg , Special Sections (Seasonal & Occasional) , 199 , 1 roll
Baisakhi Gifts , https://www.orderyourchoice.com/119794-large_default/Baisakhi-Combo-Gift.jpg , Special Sections (Seasonal & Occasional) , 499 , 1 pcs
Durga Puja Decorative , https://c8.alamy.com/comp/KY228X/interior-of-decorated-durga-puja-pandal-by-bengali-cu , Special Sections (Seasonal & Occasional) , 699 , 1 set
Makar Sankranti Kites , https://images.unsplash.com/photo-1641792113723-667c35b6766b?fm=jpg&q=60&w=3000&ixlib=rb-4.0.3&ixid=M3wxMjA3fDB8MHxzZWFyY2h8MTR8fGtpdGUlMjBmZXN0aXZhbHxlbnwwfHwwfHx8MA%3D%3D , Special Sections (Seasonal & Occasional) , 149 , 1 pcs
Navratri Dance Set , https://img.freepik.com/premium-vector/dandiya-night-dancing-couples-navratri- , Special Sections (Seasonal & Occasional) , 799 , 1 set
Diwali Rangoli , https://i.ytimg.com/vi/pZcGIpn40O4/maxresdefault.jpg , Special Sections (Seasonal & Occasional) , 299 , 1 set
Gifts for Teachers Day , https://m.media-amazon.com/images/I/61WW6iUAmlL._AC_UF10001000_QL80_.jpg , Special Sections (Seasonal & Occasional) , 199 , 1 pcs
Beyond The Browser , https://www.shutterstock.com/image-photo/business-man-holding-mobile-phone-600nw-2486967517.jpg , Books & Media , 399 , 1 pcs
The Python CookBook , https://m.media-amazon.com/images/I/61XwDCQIQvL._AC_UF10001000_QL80_.jpg , Books & Media , 299 , 1 pcs
Brahmastra for C Programming , https://c8.alamy.com/comp/EW3WFE/programming-concept-future-technology-smart-glass-blue-touchscreen-EW3WFE.jpg , Books & Media , 299 , 1 pcs
Fiction Novel , https://5.imimg.com/data5/SELLER/Default/2022/10/HT/OG/KO/19351533/english-fiction-books.jpg , Books & Media , 299 , 1 pcs
Children's Storybook , https://m.media-amazon.com/images/I/913Xkzwq8JL.jpg , Books & Media , 199 , 1 pcs
Cookbook , https://images.unsplash.com/photo-1542010589005-d1eacc3918f2?fm=jpg&q=60&w=3000&ixlib=rb-4. , Books & Media , 399 , 1 pcs
Educational Book , ttps://media.gettyimages.com/id/eds005/vector/school-books.jpg?s=1024x1024&w=gi&k=20&c=TqO7AvU7jFwP , Books & Media , 299 , 1 pcs
Biographies , https://c8.alamy.com/comp/2RGMFRF/rows-of-biography-books-on-a-bookshelf-in-a-bookstore-2RGMFRF.jpg , Books & Media , 499 , 1 pcs
Science Fiction , https://images.gr-assets.com/misc/1687810621-1687810621_goodreads_misc.png , Books & Media , 599 , 1 pcs
Art Book , https://d1e8vjamx1ssze.cloudfront.net/product-images/artbooks-21.webp , Books & Media , 799 , 1 pcs
Comic Book , https://encrypted-tbn0.gstatic.com/images?q=tbn:ANd9GcTYDTDgupH3L8FiUSNFXMDwqqbdxvL9vs1g3g&s , Books & Media , 199 , 1 pcs
Notebook , https://5.imimg.com/data5/HK/LF/MY-17842015/school-note-book.jpg , Books & Media , 49 , 1 pcs
Textbook , https://media.istockphoto.com/id/1322530406/photo/stack-of-hardcover-text-books- , Books & Media , 499 , 1 pcs
Magazine , https://cdn.britannica.com/92/191792-050-E1931160/Magazines-display-magazines-Canada-store-Toronto-Ontario.jpg , Books & Media , 99 , 1 issue
Puzzle Book , https://m.media-amazon.com/images/I/81NiOMMePjL._AC_UF10001000_QL80_.jpg , Books & Media , 249 , 1 pcs
Poetry Book , https://encrypted-tbn0.gstatic.com/images?q=tbn:ANd9GcTUwNT2dFNyMnlmKcabDnzZKmEkpd-JbVMbBA&s , Books & Media , 399 , 1 pcs
Travel Guide , https://encrypted-tbn0.gstatic.com/images?q=tbn:ANd9GcQpHuS0pCpPmZoeZq4gSBz-_8nnrAF5oAHJzQ&s , Books & Media , 699 , 1 pcs
Art Supplies , https://encrypted-tbn0.gstatic.com/images?q=tbn:ANd9GcR3VEH4Q4Voomihk9gXYY2OXL_ZA1LN1UC6FA&s , Books & Media , 499 , 1 set
Music Album , ttps://encrypted-tbn0.gstatic.com/images?q=tbn:ANd9GcQTwhNtFmogjztdjbFborQVvrdty2RfIJLmpw&s , Books & Media , 299 , 1 pcs
Movie DVD , https://media.istockphoto.com/id/531785406/photo/movies-in-bluray-and-dvd-stacks.jpg?s=612x , Books & Media , 599 , 1 pcs
Audio Book , ttps://media.gettyimages.com/id/184597525/photo/cd.jpg?s=612x612&w=gi&k=20&c=ILnhvuyOqjUjjT6T7MojN89x1WsBOiwu , Books & Media , 399 , 1 pcs
Journal , https://cdn-icons-png.flaticon.com/512/413/413841.png , Books & Media , 199 , 1 pcs
Self-Help Book , https://helios-i.mashable.com/imagery/articles/00Z8W8Xypn5aiD85AbLnEKk/hero-image.f , Books & Media , 349 , 1 pcs
Historical Book , https://t4.ftcdn.net/jpg/00/49/71/35/360_F_49713581_8kDklyvFqPNaAP4CUlS5gpCcXKgZGQwE.jpg , Books & Media , 449 , 1 pcs
Fantasy Novel , https://media.istockphoto.com/id/1412637153/photo/magic-book-with-open-pages-and-abstract-lights-s , Books & Media , 549 , 1 pcs
Programming Guide , https://m.media-amazon.com/images/I/61xko29jy6L._AC_UF10001000_QL80_.jpg , Books & Media , 699 , 1 pcs
Language Learning Book , https://media.gettyimages.com/id/73213655/photo/student-with-dictionary-and-textbook , Books & Media , 599 , 1 pcs
Photography Book , https://www.simimaging.co.uk/storage/pages/wedding-photo-books-for-photographers , Books & Media , 799 , 1 pcs
 , https://images.squarespace-cdn.com/content/v1/5824673c2e69cfc8ac1e3cd3/c79a4da2-b027-4dda-a1be-b3f314572f3f/Copy+of+0971-SKennedy-BobBooks-309.jpeg , Books & Media , 800 , 2 pcs
